-- MySQL dump 10.13  Distrib 8.0.45, for Win64 (x86_64)
--
-- Host: localhost    Database: cinema
-- ------------------------------------------------------
-- Server version	8.0.45
/*!40103 SET @OLD_TIME_ZONE=@@TIME_ZONE */;
/*!40103 SET TIME_ZONE='+00:00' */;
/*!40014 SET @OLD_UNIQUE_CHECKS=@@UNIQUE_CHECKS, UNIQUE_CHECKS=0 */;
/*!40014 SET @OLD_FOREIGN_KEY_CHECKS=@@FOREIGN_KEY_CHECKS, FOREIGN_KEY_CHECKS=0 */;
/*!40101 SET @OLD_SQL_MODE=@@SQL_MODE, SQL_MODE='NO_AUTO_VALUE_ON_ZERO' */;
/*!40111 SET @OLD_SQL_NOTES=@@SQL_NOTES, SQL_NOTES=0 */;

--
-- Table structure for table `clients`
--

/*!40101 SET @saved_cs_client     = @@character_set_client */;
/*!50503 SET character_set_client = utf8mb4 */;
CREATE TABLE `clients` (
  `id` bigint NOT NULL AUTO_INCREMENT,
  `name` varchar(255) NOT NULL,
  `last_name` varchar(255) DEFAULT NULL,
  `email` varchar(255) NOT NULL,
  `password` varchar(255) DEFAULT NULL,
  `birth_date` date DEFAULT NULL,
  `user_type` varchar(20) DEFAULT NULL,
  `visits_current_year` int DEFAULT '0',
  `discount_active` tinyint(1) DEFAULT '0',
  `role` varchar(255) DEFAULT NULL,
  `image_url` varchar(255) DEFAULT NULL,
  `created_at` datetime DEFAULT NULL,
  `updated_at` datetime DEFAULT NULL,
  PRIMARY KEY (`id`),
  UNIQUE KEY `email` (`email`)
) ENGINE=InnoDB AUTO_INCREMENT=33 DEFAULT CHARSET=utf8mb4 COLLATE=utf8mb4_0900_ai_ci;
/*!40101 SET character_set_client = @saved_cs_client */;

--
-- Dumping data for table `clients`
--

LOCK TABLES `clients` WRITE;
/*!40000 ALTER TABLE `clients` DISABLE KEYS */;
INSERT INTO `clients` VALUES (1,'Juan','Perez','u1@test.com',NULL,'1995-01-01','ADULT',5,0,'CLIENTE',NULL,'2026-04-29 12:45:37','2026-05-05 07:54:16'),(2,'Ana','Lopez','u2@test.com',NULL,'1998-02-02','STUDENT',2,1,'CLIENTE',NULL,'2026-04-29 12:45:37','2026-05-05 07:54:16'),(3,'Carlos','Ruiz','u3@test.com',NULL,'1990-03-03','ADULT',8,0,'CLIENTE',NULL,'2026-04-29 12:45:37','2026-05-05 07:54:16'),(4,'Maria','Sanchez','u4@test.com',NULL,'1985-04-04','SENIOR',12,1,'CLIENTE',NULL,'2026-04-29 12:45:37','2026-05-05 07:54:16'),(5,'Luis','Gomez','u5@test.com',NULL,'2000-05-05','STUDENT',1,0,'CLIENTE',NULL,'2026-04-29 12:45:37','2026-05-05 07:54:16'),(6,'Laura','Diaz','u6@test.com',NULL,'1992-06-06','ADULT',4,0,'CLIENTE',NULL,'2026-04-29 12:45:37','2026-05-05 07:54:16'),(7,'Pedro','Martinez','u7@test.com',NULL,'1988-07-07','ADULT',6,0,'CLIENTE',NULL,'2026-04-29 12:45:37','2026-05-05 07:54:16'),(8,'Sofia','Garcia','u8@test.com',NULL,'1999-08-08','STUDENT',3,1,'CLIENTE',NULL,'2026-04-29 12:45:37','2026-05-05 07:54:16'),(9,'Jorge','Hernandez','u9@test.com',NULL,'1975-09-09','SENIOR',10,1,'CLIENTE',NULL,'2026-04-29 12:45:37','2026-05-05 07:54:16'),(10,'Elena','Romero','u10@test.com',NULL,'1997-10-10','ADULT',7,0,'CLIENTE',NULL,'2026-04-29 12:45:37','2026-05-05 07:54:16'),(11,'David','Vega','u11@test.com',NULL,'1993-11-11','ADULT',9,0,'CLIENTE',NULL,'2026-04-29 12:45:37','2026-05-05 07:54:16'),(12,'Lucia','Moreno','u12@test.com',NULL,'2001-12-12','STUDENT',2,1,'CLIENTE',NULL,'2026-04-29 12:45:37','2026-05-05 07:54:16'),(13,'Alberto','Ortiz','u13@test.com',NULL,'1989-01-13','ADULT',5,0,'CLIENTE',NULL,'2026-04-29 12:45:37','2026-05-05 07:54:16'),(14,'Paula','Navarro','u14@test.com',NULL,'1996-02-14','ADULT',3,0,'CLIENTE',NULL,'2026-04-29 12:45:37','2026-05-05 07:54:16'),(15,'Miguel','Iglesias','u15@test.com',NULL,'1970-03-15','SENIOR',15,1,'CLIENTE',NULL,'2026-04-29 12:45:37','2026-05-05 07:54:16'),(16,'Sara','Molina','u16@test.com',NULL,'1994-04-16','ADULT',6,0,'CLIENTE',NULL,'2026-04-29 12:45:37','2026-05-05 07:54:16'),(17,'Andres','Castro','u17@test.com',NULL,'1991-05-17','ADULT',4,0,'CLIENTE',NULL,'2026-04-29 12:45:37','2026-05-05 07:54:16'),(18,'Clara','Rubio','u18@test.com',NULL,'2002-06-18','STUDENT',2,1,'CLIENTE',NULL,'2026-04-29 12:45:37','2026-05-05 07:54:16'),(19,'Victor','Serrano','u19@test.com',NULL,'1987-07-19','ADULT',7,0,'CLIENTE',NULL,'2026-04-29 12:45:37','2026-05-05 07:54:16'),(20,'Marta','Blanco','u20@test.com',NULL,'1995-08-20','ADULT',5,0,'CLIENTE',NULL,'2026-04-29 12:45:37','2026-05-05 07:54:16'),(21,'Diego','Moya','u21@test.com',NULL,'1998-09-21','STUDENT',3,1,'CLIENTE',NULL,'2026-04-29 12:45:37','2026-05-05 07:54:16'),(22,'Nuria','Reyes','u22@test.com',NULL,'1983-10-22','SENIOR',11,1,'CLIENTE',NULL,'2026-04-29 12:45:37','2026-05-05 07:54:16'),(23,'Oscar','Flores','u23@test.com',NULL,'1990-11-23','ADULT',6,0,'CLIENTE',NULL,'2026-04-29 12:45:37','2026-05-05 07:54:16'),(24,'Carmen','Ramos','u24@test.com',NULL,'1999-12-24','STUDENT',2,1,'CLIENTE',NULL,'2026-04-29 12:45:37','2026-05-05 07:54:16'),(25,'Irene','Suarez','u25@test.com',NULL,'1997-01-25','ADULT',4,0,'CLIENTE',NULL,'2026-04-29 12:45:37','2026-05-05 07:54:16'),(26,'Admin','Lumen','admin@lumen.com','$2a$10$5OQCzs/Jk.QAQWm3wMbii.v/bconRv6oI.Dwz3N6C.btJtUQZ9hYC','1990-01-01','ADULT',0,0,'ADMIN',NULL,'2026-05-11 13:43:55','2026-05-11 13:43:55'),(27,'Cliente','Lumen','cliente@lumen.com','$2a$10$ILGPKzwldutj3AkoozUhquhVk/.hCkSIIvCO9rmOMlimAffIaAd8.','1990-01-01','ADULT',0,0,'CLIENTE',NULL,'2026-05-11 13:43:55','2026-05-11 13:43:55'),(28,'Supervisor','Lumen','supervisor@lumen.com','$2a$10$iHY/75zlIh6N6c9mB1LKieXeq4e2UB6SZB/mcXvwmIT1L1qJlTwVK','1990-01-01','ADULT',0,0,'SUPERVISOR',NULL,'2026-05-12 12:35:24','2026-05-12 12:35:24'),(29,'Operador','Lumen','operator@lumen.com','$2a$10$J6n6noxATYWHlMzz3Foxh.aJ0HKtSzQgZNIBf77sYUia4c9Rb8OB2','1990-01-01','ADULT',0,0,'OPERATOR',NULL,'2026-05-12 12:35:25','2026-05-12 12:35:25'),(30,'Taquillero','Lumen','ticket@lumen.com','$2a$10$4UML/tMmgiHJ8lLe5LW1ku9nJ8BZUGQlqfAaFNA.CqE2BDtlZ4lAK','1990-01-01','ADULT',0,0,'TICKET',NULL,'2026-05-12 12:35:25','2026-05-12 12:35:25'),(31,'Mantenimiento','Lumen','mantenimiento@lumen.com','$2a$10$jOAjKaBk6RDo31.PoD7zIus0y8.TLC5BeIbrcoO13mcAlMKXZGHPe','1990-01-01','ADULT',0,0,'MAINTENANCE',NULL,'2026-05-12 12:35:25','2026-05-12 12:35:25'),(32,'Maintenance','Lumen','maintenance@lumen.com','$2a$10$j8GxMVpzhaWKLkfVkZMx3Od4TQh/cM82bBGAkjvrTys7TIL9HLrg.','1990-01-01','ADULT',0,0,'MAINTENANCE',NULL,'2026-05-14 08:57:53','2026-05-14 08:57:53');
/*!40000 ALTER TABLE `clients` ENABLE KEYS */;
UNLOCK TABLES;

--
-- Table structure for table `incident`
--

/*!40101 SET @saved_cs_client     = @@character_set_client */;
/*!50503 SET character_set_client = utf8mb4 */;
CREATE TABLE `incident` (
  `id` bigint NOT NULL AUTO_INCREMENT,
  `title` varchar(255) NOT NULL,
  `description` varchar(255) DEFAULT NULL,
  `severity` varchar(255) NOT NULL,
  `resolved` tinyint(1) DEFAULT '0',
  `created_at` datetime DEFAULT NULL,
  `updated_at` datetime DEFAULT NULL,
  PRIMARY KEY (`id`)
) ENGINE=InnoDB AUTO_INCREMENT=13 DEFAULT CHARSET=utf8mb4 COLLATE=utf8mb4_0900_ai_ci;
/*!40101 SET character_set_client = @saved_cs_client */;

--
-- Dumping data for table `incident`
--

LOCK TABLES `incident` WRITE;
/*!40000 ALTER TABLE `incident` DISABLE KEYS */;
INSERT INTO `incident` VALUES (1,'Proyector sala 1 parpadeante','El proyector de la sala 1 presenta parpadeos intermitentes durante la proyecci??????n.','HIGH',1,'2026-03-10 08:00:00','2026-03-11 13:00:00'),(2,'Aire acondicionado inoperativo','El sistema de climatizaci??????n de la sala 3 no funciona correctamente.','MEDIUM',0,'2026-03-15 10:30:00','2026-03-15 10:30:00'),(3,'Goteras en sala 2','Se detectaron filtraciones de agua en el techo de la sala 2 durante lluvias.','HIGH',1,'2026-03-20 07:00:00','2026-03-22 09:00:00'),(4,'Sistema de sonido con distorsi??????n','El sonido de la sala 4 presenta distorsi??????n en frecuencias graves.','MEDIUM',0,'2026-04-01 14:00:00','2026-04-01 14:00:00'),(5,'Butacas da??????adas fila C','Tres butacas de la fila C en la sala 2 tienen el mecanismo de reclinaci??????n roto.','LOW',0,'2026-04-03 08:00:00','2026-04-03 08:00:00'),(6,'Fallo en TPV entrada principal','El terminal de punto de venta de taquilla principal no procesa tarjetas Visa.','HIGH',1,'2026-04-05 16:00:00','2026-04-05 18:30:00'),(7,'Pantalla con p?????xeles muertos','La pantalla de la sala 5 tiene una banda de p?????xeles muertos en el borde inferior derecho.','MEDIUM',0,'2026-04-08 07:15:00','2026-04-08 07:15:00'),(8,'Ba??????os planta baja sin agua','Los aseos de la planta baja no tienen suministro de agua caliente.','MEDIUM',1,'2026-04-10 05:30:00','2026-04-10 10:00:00'),(9,'Escalera mec?????nica averiada','La escalera mec?????nica de acceso a planta superior est????? detenida por fallo el?????ctrico.','HIGH',0,'2026-04-12 08:00:00','2026-04-12 08:00:00'),(10,'Error en app de reservas online','Los usuarios reportan que no pueden finalizar compras en la web cuando usan Firefox.','HIGH',0,'2026-04-15 12:00:00','2026-04-15 12:00:00'),(11,'Iluminaci??????n de emergencia baja','Las luces de emergencia del pasillo central tienen bater?????a al 15%, requieren sustituci??????n.','LOW',0,'2026-04-18 09:00:00','2026-04-18 09:00:00'),(12,'Fuga de gas en cantina','Se detect?????? olor a gas en la zona de cantina. T?????cnico avisado. ?????rea precintada provisionalmente.','HIGH',1,'2026-04-20 11:00:00','2026-04-20 13:30:00');
/*!40000 ALTER TABLE `incident` ENABLE KEYS */;
UNLOCK TABLES;

--
-- Table structure for table `merchandise`
--

/*!40101 SET @saved_cs_client     = @@character_set_client */;
/*!50503 SET character_set_client = utf8mb4 */;
CREATE TABLE `merchandise` (
  `id` bigint NOT NULL AUTO_INCREMENT,
  `name` varchar(255) DEFAULT NULL,
  `description` varchar(255) DEFAULT NULL,
  `category` varchar(50) DEFAULT NULL,
  `price` decimal(38,2) DEFAULT NULL,
  `stock` int DEFAULT '0',
  `image_url` varchar(255) DEFAULT NULL,
  `active` tinyint(1) DEFAULT '1',
  `created_at` datetime DEFAULT NULL,
  PRIMARY KEY (`id`)
) ENGINE=InnoDB AUTO_INCREMENT=26 DEFAULT CHARSET=utf8mb4 COLLATE=utf8mb4_0900_ai_ci;
/*!40101 SET character_set_client = @saved_cs_client */;

--
-- Dumping data for table `merchandise`
--

LOCK TABLES `merchandise` WRITE;
/*!40000 ALTER TABLE `merchandise` DISABLE KEYS */;
INSERT INTO `merchandise` VALUES (1,'Popcorn Small','Classic popcorn','FOOD',4.50,100,'https://res.cloudinary.com/dprqoweo2/image/upload/v1778171300/Palomitas_Peque%C3%B1o_jag3by.png',1,'2026-04-29 13:25:24'),(2,'Popcorn Medium','Classic popcorn','FOOD',5.50,100,'https://res.cloudinary.com/dprqoweo2/image/upload/v1778171298/Palomitas_Mediano_fgrpjl.png',1,'2026-04-29 13:25:24'),(3,'Popcorn Large','Classic popcorn','FOOD',6.50,100,'https://res.cloudinary.com/dprqoweo2/image/upload/v1778171299/PalomitasGrande_c5uozg.png',1,'2026-04-29 13:25:24'),(4,'Coca Cola Small','Soft drink','DRINK',2.50,200,'https://res.cloudinary.com/dprqoweo2/image/upload/v1778522138/CocaColaSmall_rqcf4p.png',1,'2026-04-29 13:25:24'),(5,'Coca Cola Medium','Soft drink','DRINK',3.50,200,'https://res.cloudinary.com/dprqoweo2/image/upload/v1778522133/CocaColaMedium_q2qzoo.png',1,'2026-04-29 13:25:24'),(6,'Coca Cola Large','Soft drink','DRINK',4.50,200,'https://res.cloudinary.com/dprqoweo2/image/upload/v1778522130/CocaColaBig_f6ratd.png',1,'2026-04-29 13:25:24'),(7,'Water Bottle','Still water','DRINK',1.50,300,'',1,'2026-04-29 13:25:24'),(8,'Nachos','Nachos with cheese','FOOD',6.00,80,'https://res.cloudinary.com/dprqoweo2/image/upload/v1778169787/Nachos_p7tiew.png',1,'2026-04-29 13:25:24'),(9,'Hot Dog ','Classic hot dog','FOOD',5.00,70,'',1,'2026-04-29 13:25:24'),(10,'Burger','Beef burger','FOOD',7.50,60,'',1,'2026-04-29 13:25:24'),(11,'Chocolate Bar','Sweet snack','FOOD',2.00,150,'https://res.cloudinary.com/dprqoweo2/image/upload/v1778169784/ChocolateLumen_jukc97.png',1,'2026-04-29 13:25:24'),(12,'Candy Pack','Mixed candies','FOOD',3.00,120,'https://res.cloudinary.com/dprqoweo2/image/upload/v1778517201/PackDulceLumen_haidnr.png',1,'2026-04-29 13:25:24'),(13,'Ice Cream','Vanilla ice cream','FOOD',4.00,90,'https://res.cloudinary.com/dprqoweo2/image/upload/v1778522216/IceCream_xmkfmd.png',1,'2026-04-29 13:25:24'),(14,'Coffee','Hot coffee','DRINK',2.50,100,'https://res.cloudinary.com/dprqoweo2/image/upload/v1778519751/cafeCinema_cbtte3.png',1,'2026-04-29 13:25:24'),(15,'Tea','Hot tea','DRINK',2.00,80,'https://res.cloudinary.com/dprqoweo2/image/upload/v1778519684/TeCinema_xrkikr.png',1,'2026-04-29 13:25:24'),(16,'Juice','Fruit juice','DRINK',3.00,90,'https://res.cloudinary.com/dprqoweo2/image/upload/v1778519405/ZumoCinema_xjiqk4.png',1,'2026-04-29 13:25:24'),(17,'Energy Drink','Energy boost','DRINK',3.50,70,'',1,'2026-04-29 13:25:24'),(18,'Beer','Cold beer','DRINK',4.00,60,'',1,'2026-04-29 13:25:24'),(19,'T-Shirt Cinema','Cinema merch','MERCHANDISE',15.00,50,'https://res.cloudinary.com/dprqoweo2/image/upload/v1778169729/camiseta_lumen_xijjbh.png',1,'2026-04-29 13:25:24'),(20,'Notebook','Cinema merch','MERCHANDISE',12.00,40,'https://res.cloudinary.com/dprqoweo2/image/upload/v1778169731/agenda_lumen_vuposo.png',1,'2026-04-29 13:25:24'),(21,'Mug Cinema','Cinema merch','MERCHANDISE',10.00,30,'https://res.cloudinary.com/dprqoweo2/image/upload/v1778169729/taza_lumen_bp4wfg.png',1,'2026-04-29 13:25:24'),(22,'Burguer Combo','Popcorn + Drink','FOOD',10.00,50,'https://res.cloudinary.com/dprqoweo2/image/upload/v1778169789/BurgerCombo_xhc9pz.png',1,'2026-04-29 13:25:24'),(23,'Family Pack','Large combo','FOOD',18.00,40,'',1,'2026-04-29 13:25:24'),(24,'Kids Combo','Small combo','FOOD',6.50,60,'',1,'2026-04-29 13:25:24'),(25,'HotDog Combo','Big combo','FOOD',9.00,20,'https://res.cloudinary.com/dprqoweo2/image/upload/v1778169785/HotDogCombo_fzeqaj.png',1,'2026-04-29 13:25:24');
/*!40000 ALTER TABLE `merchandise` ENABLE KEYS */;
UNLOCK TABLES;

--
-- Table structure for table `merchandise_sale`
--

/*!40101 SET @saved_cs_client     = @@character_set_client */;
/*!50503 SET character_set_client = utf8mb4 */;
CREATE TABLE `merchandise_sale` (
  `id` bigint NOT NULL AUTO_INCREMENT,
  `user_id` bigint DEFAULT NULL,
  `merchandise_id` bigint DEFAULT NULL,
  `quantity` int DEFAULT NULL,
  `total` decimal(38,2) DEFAULT NULL,
  `sale_date` datetime DEFAULT NULL,
  `purchase_id` bigint DEFAULT NULL,
  PRIMARY KEY (`id`),
  KEY `fk_ms_user` (`user_id`),
  KEY `fk_ms_merchandise` (`merchandise_id`),
  KEY `FK1bcdfcxn5bo01ca12le4ijbn2` (`purchase_id`),
  CONSTRAINT `FK1bcdfcxn5bo01ca12le4ijbn2` FOREIGN KEY (`purchase_id`) REFERENCES `purchase` (`id`),
  CONSTRAINT `fk_ms_merchandise` FOREIGN KEY (`merchandise_id`) REFERENCES `merchandise` (`id`),
  CONSTRAINT `fk_ms_user` FOREIGN KEY (`user_id`) REFERENCES `clients` (`id`)
) ENGINE=InnoDB AUTO_INCREMENT=26 DEFAULT CHARSET=utf8mb4 COLLATE=utf8mb4_0900_ai_ci;
/*!40101 SET character_set_client = @saved_cs_client */;

--
-- Dumping data for table `merchandise_sale`
--

LOCK TABLES `merchandise_sale` WRITE;
/*!40000 ALTER TABLE `merchandise_sale` DISABLE KEYS */;
INSERT INTO `merchandise_sale` VALUES (1,1,1,2,9.00,'2026-04-29 13:26:16',NULL),(2,2,2,1,5.50,'2026-04-29 13:26:16',NULL),(3,3,3,1,6.50,'2026-04-29 13:26:16',NULL),(4,4,4,2,5.00,'2026-04-29 13:26:16',NULL),(5,5,5,1,3.50,'2026-04-29 13:26:16',NULL),(6,6,6,1,4.50,'2026-04-29 13:26:16',NULL),(7,7,7,3,4.50,'2026-04-29 13:26:16',NULL),(8,8,8,1,6.00,'2026-04-29 13:26:16',NULL),(9,9,9,1,5.00,'2026-04-29 13:26:16',NULL),(10,10,10,1,7.50,'2026-04-29 13:26:16',NULL),(11,11,11,2,4.00,'2026-04-29 13:26:16',NULL),(12,12,12,1,3.00,'2026-04-29 13:26:16',NULL),(13,13,13,1,4.00,'2026-04-29 13:26:16',NULL),(14,14,14,2,5.00,'2026-04-29 13:26:16',NULL),(15,15,15,1,2.00,'2026-04-29 13:26:16',NULL),(16,16,16,1,3.00,'2026-04-29 13:26:16',NULL),(17,17,17,1,3.50,'2026-04-29 13:26:16',NULL),(18,18,18,2,8.00,'2026-04-29 13:26:16',NULL),(19,19,19,1,15.00,'2026-04-29 13:26:16',NULL),(20,20,20,1,12.00,'2026-04-29 13:26:16',NULL),(21,21,21,1,10.00,'2026-04-29 13:26:16',NULL),(22,22,22,1,10.00,'2026-04-29 13:26:16',NULL),(23,23,23,1,18.00,'2026-04-29 13:26:16',NULL),(24,24,24,1,6.50,'2026-04-29 13:26:16',NULL),(25,25,25,1,22.00,'2026-04-29 13:26:16',NULL);
/*!40000 ALTER TABLE `merchandise_sale` ENABLE KEYS */;
UNLOCK TABLES;

--
-- Table structure for table `movie`
--

/*!40101 SET @saved_cs_client     = @@character_set_client */;
/*!50503 SET character_set_client = utf8mb4 */;
CREATE TABLE `movie` (
  `id` bigint NOT NULL AUTO_INCREMENT,
  `title` varchar(255) NOT NULL,
  `description` varchar(255) DEFAULT NULL,
  `duration_min` int NOT NULL,
  `genre` varchar(255) NOT NULL,
  `age_rating` varchar(255) DEFAULT NULL,
  `image_url` varchar(255) DEFAULT NULL,
  `active` tinyint(1) DEFAULT '1',
  `language` varchar(255) DEFAULT NULL,
  `schedule` varchar(255) DEFAULT NULL,
  `created_at` datetime DEFAULT NULL,
  PRIMARY KEY (`id`)
) ENGINE=InnoDB AUTO_INCREMENT=37 DEFAULT CHARSET=utf8mb4 COLLATE=utf8mb4_0900_ai_ci;
/*!40101 SET character_set_client = @saved_cs_client */;

--
-- Dumping data for table `movie`
--

LOCK TABLES `movie` WRITE;
/*!40000 ALTER TABLE `movie` DISABLE KEYS */;
INSERT INTO `movie` VALUES (7,'Interstellar','Space travel',169,'Sci-Fi','16','https://res.cloudinary.com/dprqoweo2/image/upload/v1778155171/shopping_korybi.webp',1,'Spanish',NULL,'2026-04-29 12:45:58'),(8,'Inception','Dreams',148,'Sci-Fi','16','https://res.cloudinary.com/dprqoweo2/image/upload/v1778155591/inception_2010_french_original_film_art_5000x_rbk16t.jpg',1,'Spanish',NULL,'2026-04-29 12:45:58'),(9,'Avatar','Pandora',162,'Fantasy','12','https://res.cloudinary.com/dprqoweo2/image/upload/v1778155609/p_ster_pel_cula_avatar_tpxr5e.png',1,'Spanish',NULL,'2026-04-29 12:45:58'),(10,'Batman','Hero',176,'Action','16','https://res.cloudinary.com/dprqoweo2/image/upload/v1778155930/batman_1989_poster_hvwk1s.png',1,'Spanish',NULL,'2026-04-29 12:45:58'),(11,'Joker','Origin',122,'Drama','18','https://res.cloudinary.com/dprqoweo2/image/upload/v1778155961/71Du3umtEwL._AC_SY300_SX300_QL70_ML2__nzimyr.jpg',1,'Spanish',NULL,'2026-04-29 12:45:58'),(12,'Titanic','Love',195,'Romance','12','https://res.cloudinary.com/dprqoweo2/image/upload/v1778155998/titanic_cartel_ul5psd.png',1,'Spanish',NULL,'2026-04-29 12:45:58'),(13,'Matrix','Simulation',136,'Sci-Fi','16','https://res.cloudinary.com/dprqoweo2/image/upload/v1778156027/matrix_1999_poster_1_ppk9ly.png',1,'Spanish',NULL,'2026-04-29 12:45:58'),(14,'Gladiator','Rome',155,'Action','16','https://res.cloudinary.com/dprqoweo2/image/upload/v1778156064/gladiator_2000_posters_nqygcg.png',1,'Spanish',NULL,'2026-04-29 12:45:58'),(15,'Dune','Desert',155,'Sci-Fi','12','https://res.cloudinary.com/dprqoweo2/image/upload/v1778156105/dune_personajes_p_ster_ynigig.png',1,'Spanish',NULL,'2026-04-29 12:45:58'),(16,'Avatar 2','Return',190,'Fantasy','12','https://res.cloudinary.com/dprqoweo2/image/upload/v1778156134/avatar_el_sentido_del_agua_posters_cx0quj.png',1,'Spanish',NULL,'2026-04-29 12:45:58'),(17,'Frozen','Ice',102,'Animation','7','https://res.cloudinary.com/dprqoweo2/image/upload/v1778156172/71qgQTJHzMS._AC_SY300_SX300_QL70_ML2__qvfpad.jpg',1,'Spanish',NULL,'2026-04-29 12:45:58'),(18,'Toy Story','Toys',100,'Animation','7','https://res.cloudinary.com/dprqoweo2/image/upload/v1778156198/toy_story_posters_nfwam0.png',1,'Spanish',NULL,'2026-04-29 12:45:58'),(19,'Shrek','Ogre',90,'Comedy','7','https://res.cloudinary.com/dprqoweo2/image/upload/v1778156228/81ml6KjL31L._AC_SY300_SX300_QL70_FMwebp__mib1pd.webp',1,'Spanish',NULL,'2026-04-29 12:45:58'),(20,'Fast Furious','Cars',140,'Action','16','https://res.cloudinary.com/dprqoweo2/image/upload/v1778156263/s-l500_tthphv.jpg',1,'Spanish',NULL,'2026-04-29 12:45:58'),(21,'Avengers','Heroes',181,'Action','12','https://res.cloudinary.com/dprqoweo2/image/upload/v1778515578/s-l1600_mryjcl.webp',1,'Spanish',NULL,'2026-04-29 12:45:58'),(22,'Iron Man','Tech hero',126,'Action','12','https://res.cloudinary.com/dprqoweo2/image/upload/v1778515603/s-l500_ecwssp.jpg',1,'Spanish',NULL,'2026-04-29 12:45:58'),(23,'Spider-Man','Hero',130,'Action','12','https://res.cloudinary.com/dprqoweo2/image/upload/v1778515638/spider-man_posters_jpctxt.png',1,'Spanish',NULL,'2026-04-29 12:45:58'),(24,'Doctor Strange','Magic',115,'Fantasy','12','https://res.cloudinary.com/dprqoweo2/image/upload/v1778515700/81b6gyv977L._AC_SY300_SX300_QL70_ML2__oqpm9q.jpg',1,'Spanish',NULL,'2026-04-29 12:45:58'),(25,'Black Panther','Wakanda',134,'Action','12','https://res.cloudinary.com/dprqoweo2/image/upload/v1778515740/71Kfj-0U-uL._AC_SY300_SX300_QL70_ML2__wyclhj.jpg',1,'Spanish',NULL,'2026-04-29 12:45:58'),(26,'Thor','God',120,'Action','12','https://res.cloudinary.com/dprqoweo2/image/upload/v1778515767/51K5Pgwa5PL._SY300_SX300_QL70_ML2__gacvvk.jpg',1,'Spanish',NULL,'2026-04-29 12:45:58'),(27,'Hulk','Monster',112,'Action','12','https://res.cloudinary.com/dprqoweo2/image/upload/v1778515792/51a3jvUt5eL._AC_SX679__gzrcdx.jpg',1,'Spanish',NULL,'2026-04-29 12:45:58'),(28,'Cars','Racing',117,'Animation','7','https://res.cloudinary.com/dprqoweo2/image/upload/v1778515818/81MLgYPk4rL._AC_SY300_SX300_QL70_ML2__erzhak.jpg',1,'Spanish',NULL,'2026-04-29 12:45:58'),(29,'Up','Balloon',96,'Animation','7','https://res.cloudinary.com/dprqoweo2/image/upload/v1778515845/71VU4xCX9GL._AC_SY300_SX300_QL70_FMwebp__gi1kni.webp',1,'Spanish',NULL,'2026-04-29 12:45:58'),(30,'Coco','Music',105,'Animation','7','https://res.cloudinary.com/dprqoweo2/image/upload/v1778515879/816nLlJ-weL._AC_SY879__ygmzsy.jpg',1,'Spanish',NULL,'2026-04-29 12:45:58'),(31,'Soul','Jazz',100,'Animation','7','https://res.cloudinary.com/dprqoweo2/image/upload/v1778515904/615lByc6MJL._AC_SY300_SX300_QL70_ML2__rgtwy9.jpg',1,'Spanish',NULL,'2026-04-29 12:45:58'),(32,'Dune: Part Two','La lucha por Arrakis contin├║a.',166,'Ciencia ficci├│n','12',NULL,1,'ES','2D','2026-05-12 22:57:55'),(33,'Godzilla x Kong','Dos titanes unen fuerzas.',115,'Acci├│n','16',NULL,1,'VO','3D','2026-05-12 22:57:55'),(34,'Kung Fu Panda 4','Po busca un nuevo Guerrero Drag├│n.',94,'Animaci├│n','ALL',NULL,1,'ES','2D','2026-05-12 22:57:55'),(35,'Civil War','Periodistas en una Am├®rica dist├│pica.',109,'Drama','18',NULL,1,'VOSE','2D','2026-05-12 22:57:55'),(36,'The First Omen','El origen del mal.',119,'Terror','18',NULL,1,'VO','2D','2026-05-12 22:57:55');
/*!40000 ALTER TABLE `movie` ENABLE KEYS */;
UNLOCK TABLES;

--
-- Table structure for table `purchase`
--

/*!40101 SET @saved_cs_client     = @@character_set_client */;
/*!50503 SET character_set_client = utf8mb4 */;
CREATE TABLE `purchase` (
  `id` bigint NOT NULL AUTO_INCREMENT,
  `user_id` bigint NOT NULL,
  `screening_id` bigint NOT NULL,
  `status` varchar(20) DEFAULT 'PENDING',
  `total_amount` decimal(38,2) NOT NULL,
  `discount_applied` tinyint(1) DEFAULT '0',
  `discount_amount` decimal(38,2) DEFAULT NULL,
  `email_sent` tinyint(1) DEFAULT '0',
  `purchase_date` datetime DEFAULT NULL,
  `paid_at` datetime(6) DEFAULT NULL,
  `payment_intent_id` varchar(255) DEFAULT NULL,
  `payment_method` enum('CARD','CASH','QR') DEFAULT NULL,
  PRIMARY KEY (`id`),
  KEY `fk_purchase_user` (`user_id`),
  KEY `fk_purchase_screening` (`screening_id`),
  CONSTRAINT `fk_purchase_screening` FOREIGN KEY (`screening_id`) REFERENCES `screening` (`id`),
  CONSTRAINT `fk_purchase_user` FOREIGN KEY (`user_id`) REFERENCES `clients` (`id`)
) ENGINE=InnoDB AUTO_INCREMENT=23 DEFAULT CHARSET=utf8mb4 COLLATE=utf8mb4_0900_ai_ci;
/*!40101 SET character_set_client = @saved_cs_client */;

--
-- Dumping data for table `purchase`
--

LOCK TABLES `purchase` WRITE;
/*!40000 ALTER TABLE `purchase` DISABLE KEYS */;
INSERT INTO `purchase` VALUES (1,1,1,'PAID',22.50,0,0.00,1,'2026-04-01 08:15:00',NULL,NULL,NULL),(2,2,1,'PAID',11.25,1,2.25,1,'2026-04-01 09:00:00',NULL,NULL,NULL),(3,3,2,'PAID',33.75,0,0.00,1,'2026-04-02 07:30:00',NULL,NULL,NULL),(4,4,2,'CANCELLED',22.50,0,0.00,0,'2026-04-02 12:00:00',NULL,NULL,NULL),(5,5,3,'PAID',11.25,1,1.13,1,'2026-04-03 14:45:00',NULL,NULL,NULL),(6,6,3,'PAID',22.50,0,0.00,1,'2026-04-03 16:00:00',NULL,NULL,NULL),(7,7,4,'PAID',45.00,0,0.00,1,'2026-04-04 08:00:00',NULL,NULL,NULL),(8,8,4,'PAID',11.25,1,2.25,1,'2026-04-04 10:30:00',NULL,NULL,NULL),(9,9,5,'PENDING',22.50,0,0.00,0,'2026-04-05 13:00:00',NULL,NULL,NULL),(10,10,5,'PAID',33.75,0,0.00,1,'2026-04-05 15:00:00',NULL,NULL,NULL),(11,1,6,'PAID',22.50,0,0.00,1,'2026-04-29 08:15:00',NULL,NULL,NULL),(12,3,7,'PAID',11.25,1,1.13,1,'2026-04-30 09:00:00',NULL,NULL,NULL),(13,5,8,'CANCELLED',33.75,0,0.00,0,'2026-05-01 07:30:00',NULL,NULL,NULL),(14,7,9,'PAID',22.50,0,0.00,1,'2026-05-02 12:00:00',NULL,NULL,NULL),(15,9,10,'PAID',45.00,1,4.50,1,'2026-05-03 17:45:00',NULL,NULL,NULL),(16,2,12,'PAID',22.50,0,0.00,1,'2026-05-04 08:00:00',NULL,NULL,NULL),(17,4,13,'PAID',11.25,1,1.25,1,'2026-05-04 13:30:00',NULL,NULL,NULL),(18,6,14,'PAID',33.75,0,0.00,1,'2026-05-05 07:00:00',NULL,NULL,NULL),(19,8,15,'PAID',22.50,0,0.00,1,'2026-05-05 16:00:00',NULL,NULL,NULL),(20,10,16,'PAID',45.00,1,5.00,1,'2026-05-06 09:00:00',NULL,NULL,NULL),(21,1,17,'PENDING',22.50,0,0.00,0,'2026-05-06 12:00:00',NULL,NULL,NULL),(22,3,18,'PAID',11.25,0,0.00,1,'2026-05-06 14:30:00',NULL,NULL,NULL);
/*!40000 ALTER TABLE `purchase` ENABLE KEYS */;
UNLOCK TABLES;

--
-- Table structure for table `refunds`
--

/*!40101 SET @saved_cs_client     = @@character_set_client */;
/*!50503 SET character_set_client = utf8mb4 */;
CREATE TABLE `refunds` (
  `id` bigint NOT NULL AUTO_INCREMENT,
  `amount` decimal(38,2) NOT NULL,
  `created_at` datetime(6) DEFAULT NULL,
  `purchase_id` bigint NOT NULL,
  `reason` varchar(255) DEFAULT NULL,
  `status` varchar(255) DEFAULT NULL,
  `stripe_refund_id` varchar(255) DEFAULT NULL,
  PRIMARY KEY (`id`)
) ENGINE=InnoDB DEFAULT CHARSET=utf8mb4 COLLATE=utf8mb4_0900_ai_ci;
/*!40101 SET character_set_client = @saved_cs_client */;

--
-- Dumping data for table `refunds`
--

LOCK TABLES `refunds` WRITE;
/*!40000 ALTER TABLE `refunds` DISABLE KEYS */;
/*!40000 ALTER TABLE `refunds` ENABLE KEYS */;
UNLOCK TABLES;

--
-- Table structure for table `room`
--

/*!40101 SET @saved_cs_client     = @@character_set_client */;
/*!50503 SET character_set_client = utf8mb4 */;
CREATE TABLE `room` (
  `id` bigint NOT NULL AUTO_INCREMENT,
  `name` varchar(255) NOT NULL,
  `capacity` int NOT NULL,
  `room_type` varchar(50) DEFAULT 'STANDARD',
  `description` varchar(255) DEFAULT NULL,
  `price_per_hour` decimal(38,2) DEFAULT NULL,
  `active` tinyint(1) DEFAULT '1',
  `created_at` datetime DEFAULT NULL,
  PRIMARY KEY (`id`)
) ENGINE=InnoDB AUTO_INCREMENT=9 DEFAULT CHARSET=utf8mb4 COLLATE=utf8mb4_0900_ai_ci;
/*!40101 SET character_set_client = @saved_cs_client */;

--
-- Dumping data for table `room`
--

LOCK TABLES `room` WRITE;
/*!40000 ALTER TABLE `room` DISABLE KEYS */;
INSERT INTO `room` VALUES (1,'Sala Eventos Alfa',80,'EVENT','Sala polivalente con equipo audiovisual completo, ideal para presentaciones y eventos corporativos.',120.00,1,'2026-05-05 17:51:38'),(2,'Sala VIP Omega',20,'VIP','Sala exclusiva con butacas premium, servicio de catering incluido y pantalla 4K.',200.00,1,'2026-05-05 17:51:38'),(3,'Sala Reuniones 1',12,'MEETING','Sala equipada con mesa de reuniones, proyector y pizarra digital.',60.00,1,'2026-05-05 17:51:38'),(4,'Sala Reuniones 2',10,'MEETING','Sala compacta para reuniones peque??????as, incluye videoconferencia.',50.00,1,'2026-05-05 17:51:38'),(5,'Sala Conferencias',150,'EVENT','Gran sala para conferencias y premieres, con sistema de traducci??????n simult?????nea y aforo ampliado.',250.00,1,'2026-05-05 17:51:38'),(6,'Sala Standard A',40,'STANDARD','Sala est?????ndar para proyecciones privadas y actividades formativas.',80.00,1,'2026-05-05 17:51:38'),(7,'Sala Standard B',35,'STANDARD','Sala est?????ndar con equipo de proyecci??????n b?????sico.',70.00,1,'2026-05-05 17:51:38'),(8,'Sala VIP Beta',15,'VIP','Sala VIP ?????ntima para cumplea??????os y celebraciones privadas, decoraci??????n personalizable.',180.00,0,'2026-05-05 17:51:38');
/*!40000 ALTER TABLE `room` ENABLE KEYS */;
UNLOCK TABLES;

--
-- Table structure for table `room_booking`
--

/*!40101 SET @saved_cs_client     = @@character_set_client */;
/*!50503 SET character_set_client = utf8mb4 */;
CREATE TABLE `room_booking` (
  `id` bigint NOT NULL AUTO_INCREMENT,
  `room_id` bigint NOT NULL,
  `user_id` bigint NOT NULL,
  `booking_date` date NOT NULL,
  `start_time` time NOT NULL,
  `end_time` time NOT NULL,
  `total_price` decimal(38,2) DEFAULT NULL,
  `status` varchar(20) DEFAULT 'PENDING',
  `notes` varchar(255) DEFAULT NULL,
  `created_at` datetime DEFAULT NULL,
  PRIMARY KEY (`id`),
  KEY `fk_booking_room` (`room_id`),
  KEY `fk_booking_user` (`user_id`),
  CONSTRAINT `fk_booking_room` FOREIGN KEY (`room_id`) REFERENCES `room` (`id`),
  CONSTRAINT `fk_booking_user` FOREIGN KEY (`user_id`) REFERENCES `clients` (`id`)
) ENGINE=InnoDB AUTO_INCREMENT=15 DEFAULT CHARSET=utf8mb4 COLLATE=utf8mb4_0900_ai_ci;
/*!40101 SET character_set_client = @saved_cs_client */;

--
-- Dumping data for table `room_booking`
--

LOCK TABLES `room_booking` WRITE;
/*!40000 ALTER TABLE `room_booking` DISABLE KEYS */;
INSERT INTO `room_booking` VALUES (1,1,2,'2026-05-10','10:00:00','13:00:00',360.00,'CONFIRMED','Presentaci??????n de producto. Necesitan 3 mesas redondas.','2026-05-05 17:51:59'),(2,2,5,'2026-05-10','15:00:00','18:00:00',600.00,'CONFIRMED','Cumplea??????os privado. Catering para 18 personas.','2026-05-05 17:51:59'),(3,3,1,'2026-05-12','09:00:00','11:00:00',120.00,'CONFIRMED','Reuni??????n de equipo directivo.','2026-05-05 17:51:59'),(4,4,7,'2026-05-12','11:30:00','13:00:00',75.00,'PENDING','Entrevistas de selecci??????n de personal.','2026-05-05 17:51:59'),(5,5,3,'2026-05-14','17:00:00','21:00:00',1000.00,'CONFIRMED','Premiere independiente. Aforo completo.','2026-05-05 17:51:59'),(6,1,8,'2026-05-15','09:00:00','12:00:00',360.00,'CONFIRMED','Formaci??????n interna empresa. Proyector y micr??????fonos.','2026-05-05 17:51:59'),(7,6,4,'2026-05-16','16:00:00','19:00:00',240.00,'CANCELLED','Cancelado por el cliente.','2026-05-05 17:51:59'),(8,3,6,'2026-05-17','10:00:00','12:00:00',120.00,'CONFIRMED','Workshop de fotograf?????a.','2026-05-05 17:51:59'),(9,2,9,'2026-05-18','12:00:00','15:00:00',600.00,'PENDING','Celebraci??????n aniversario. Pendiente confirmaci??????n catering.','2026-05-05 17:51:59'),(10,7,10,'2026-05-19','18:00:00','20:00:00',140.00,'CONFIRMED','Proyecci??????n privada pel?????cula cl?????sica.','2026-05-05 17:51:59'),(11,4,2,'2026-05-20','09:30:00','11:00:00',75.00,'CONFIRMED','Entrevistas finales candidatos.','2026-05-05 17:51:59'),(12,5,1,'2026-05-22','19:00:00','23:00:00',1000.00,'PENDING','Gala ben?????fica. Pendiente firma contrato.','2026-05-05 17:51:59'),(13,6,5,'2026-05-23','10:00:00','14:00:00',320.00,'CONFIRMED','Curso de formaci??????n certificado.','2026-05-05 17:51:59'),(14,1,3,'2026-05-25','11:00:00','14:00:00',360.00,'CONFIRMED','Presentaci??????n resultados trimestrales.','2026-05-05 17:51:59');
/*!40000 ALTER TABLE `room_booking` ENABLE KEYS */;
UNLOCK TABLES;

--
-- Table structure for table `screening`
--

/*!40101 SET @saved_cs_client     = @@character_set_client */;
/*!50503 SET character_set_client = utf8mb4 */;
CREATE TABLE `screening` (
  `id` bigint NOT NULL AUTO_INCREMENT,
  `movie_id` bigint NOT NULL,
  `theater_id` bigint NOT NULL,
  `start_datetime` datetime NOT NULL,
  `end_datetime` datetime DEFAULT NULL,
  `occupied_seats` int DEFAULT '0',
  `is_full` tinyint(1) DEFAULT '0',
  `base_price` decimal(38,2) NOT NULL,
  PRIMARY KEY (`id`),
  KEY `fk_screening_movie` (`movie_id`),
  KEY `fk_screening_theater` (`theater_id`),
  CONSTRAINT `fk_screening_movie` FOREIGN KEY (`movie_id`) REFERENCES `movie` (`id`),
  CONSTRAINT `fk_screening_theater` FOREIGN KEY (`theater_id`) REFERENCES `theater` (`id`)
) ENGINE=InnoDB AUTO_INCREMENT=36 DEFAULT CHARSET=utf8mb4 COLLATE=utf8mb4_0900_ai_ci;
/*!40101 SET character_set_client = @saved_cs_client */;

--
-- Dumping data for table `screening`
--

LOCK TABLES `screening` WRITE;
/*!40000 ALTER TABLE `screening` DISABLE KEYS */;
INSERT INTO `screening` VALUES (1,7,1,'2026-04-20 18:00:00','2026-04-20 20:49:00',0,0,10.00),(2,8,2,'2026-04-20 21:00:00','2026-04-20 23:28:00',0,0,12.00),(3,9,3,'2026-04-21 18:00:00','2026-04-21 20:42:00',0,0,11.00),(4,10,4,'2026-04-21 21:00:00','2026-04-21 23:56:00',0,0,13.00),(5,11,5,'2026-04-22 18:00:00','2026-04-22 20:02:00',0,0,10.00),(6,12,6,'2026-04-22 21:00:00','2026-04-22 23:35:00',0,0,12.00),(7,13,7,'2026-04-23 18:00:00','2026-04-23 20:16:00',0,0,11.00),(8,14,8,'2026-04-23 21:00:00','2026-04-23 23:35:00',0,0,10.00),(9,15,9,'2026-04-24 18:00:00','2026-04-24 20:35:00',0,0,14.00),(10,16,10,'2026-04-24 21:00:00','2026-04-24 23:50:00',0,0,12.00),(11,17,11,'2026-05-07 18:00:00','2026-05-07 20:00:00',4,0,11.00),(12,18,12,'2026-05-07 21:00:00','2026-05-07 23:00:00',2,0,10.00),(13,19,13,'2026-05-08 17:30:00','2026-05-08 19:30:00',1,0,10.00),(14,20,14,'2026-05-08 20:30:00','2026-05-08 22:30:00',3,0,13.00),(15,21,15,'2026-05-09 18:00:00','2026-05-09 20:00:00',4,0,12.00),(16,22,16,'2026-05-09 21:00:00','2026-05-09 23:00:00',4,0,11.00),(17,23,17,'2026-05-10 17:00:00','2026-05-10 19:00:00',2,0,10.00),(18,24,18,'2026-05-10 20:00:00','2026-05-10 22:00:00',1,0,12.00),(19,25,19,'2026-05-12 18:00:00','2026-05-12 20:00:00',0,0,11.00),(20,26,20,'2026-05-12 21:00:00','2026-05-12 23:00:00',1,0,10.00),(21,27,21,'2026-05-14 17:30:00','2026-05-14 19:30:00',8,0,12.00),(22,28,22,'2026-05-14 20:30:00','2026-05-14 22:30:00',3,0,13.00),(23,29,23,'2026-05-15 19:00:00','2026-05-15 21:00:00',2,0,11.00),(24,30,24,'2026-05-16 18:00:00','2026-05-16 20:00:00',1,0,12.00),(25,31,25,'2026-05-17 20:00:00','2026-05-17 22:00:00',3,0,10.00),(32,7,1,'2026-05-06 16:00:00','2026-05-06 18:00:00',18,0,11.25),(33,8,2,'2026-05-06 17:30:00','2026-05-06 19:30:00',9,0,9.50),(34,9,3,'2026-05-06 19:00:00','2026-05-06 21:00:00',22,0,12.00),(35,10,4,'2026-05-06 21:00:00','2026-05-06 23:00:00',5,0,11.25);
/*!40000 ALTER TABLE `screening` ENABLE KEYS */;
UNLOCK TABLES;

--
-- Table structure for table `screening_seat`
--

/*!40101 SET @saved_cs_client     = @@character_set_client */;
/*!50503 SET character_set_client = utf8mb4 */;
CREATE TABLE `screening_seat` (
  `id` bigint NOT NULL AUTO_INCREMENT,
  `screening_id` bigint NOT NULL,
  `seat_id` bigint NOT NULL,
  `occupied` tinyint(1) DEFAULT '0',
  PRIMARY KEY (`id`),
  UNIQUE KEY `uq_screening_seat` (`screening_id`,`seat_id`),
  UNIQUE KEY `UK6w2ox6wfdp2k7mn8ojpsg07ep` (`screening_id`,`seat_id`),
  KEY `fk_ss_seat` (`seat_id`),
  CONSTRAINT `fk_ss_screening` FOREIGN KEY (`screening_id`) REFERENCES `screening` (`id`) ON DELETE CASCADE,
  CONSTRAINT `fk_ss_seat` FOREIGN KEY (`seat_id`) REFERENCES `seat` (`id`)
) ENGINE=InnoDB AUTO_INCREMENT=321 DEFAULT CHARSET=utf8mb4 COLLATE=utf8mb4_0900_ai_ci;
/*!40101 SET character_set_client = @saved_cs_client */;

--
-- Dumping data for table `screening_seat`
--

LOCK TABLES `screening_seat` WRITE;
/*!40000 ALTER TABLE `screening_seat` DISABLE KEYS */;
/*!40000 ALTER TABLE `screening_seat` ENABLE KEYS */;
UNLOCK TABLES;

--
-- Table structure for table `seat`
--

/*!40101 SET @saved_cs_client     = @@character_set_client */;
/*!50503 SET character_set_client = utf8mb4 */;
CREATE TABLE `seat` (
  `id` bigint NOT NULL AUTO_INCREMENT,
  `theater_id` bigint NOT NULL,
  `seat_row` varchar(255) NOT NULL,
  `seat_number` int NOT NULL,
  `seat_type` varchar(20) DEFAULT NULL,
  PRIMARY KEY (`id`),
  UNIQUE KEY `uq_seat` (`theater_id`,`seat_row`,`seat_number`),
  UNIQUE KEY `UK1amqv16k7p98fg36aq6y16gj5` (`theater_id`,`seat_row`,`seat_number`),
  CONSTRAINT `fk_seat_theater` FOREIGN KEY (`theater_id`) REFERENCES `theater` (`id`)
) ENGINE=InnoDB AUTO_INCREMENT=26 DEFAULT CHARSET=utf8mb4 COLLATE=utf8mb4_0900_ai_ci;
/*!40101 SET character_set_client = @saved_cs_client */;

--
-- Dumping data for table `seat`
--

LOCK TABLES `seat` WRITE;
/*!40000 ALTER TABLE `seat` DISABLE KEYS */;
INSERT INTO seat VALUES (1,1,'A',1,'VIP'),(2,1,'A',2,'VIP'),(3,1,'A',3,'VIP'),(4,1,'A',4,'VIP'),(5,1,'A',5,'VIP'),(6,1,'A',6,'VIP'),(7,1,'A',7,'VIP'),(8,1,'A',8,'VIP'),(9,1,'A',9,'VIP'),(10,1,'A',10,'VIP'),(11,1,'A',11,'VIP'),(12,1,'A',12,'VIP'),(13,1,'A',13,'VIP'),(14,1,'A',14,'VIP'),(15,1,'A',15,'VIP'),(16,1,'A',16,'VIP'),(17,1,'A',17,'VIP'),(18,1,'A',18,'VIP'),(19,1,'A',19,'VIP'),(20,1,'A',20,'VIP'),(21,1,'B',1,'VIP'),(22,1,'B',2,'VIP'),(23,1,'B',3,'VIP'),(24,1,'B',4,'VIP'),(25,1,'B',5,'VIP'),(26,1,'B',6,'VIP'),(27,1,'B',7,'VIP'),(28,1,'B',8,'VIP'),(29,1,'B',9,'VIP'),(30,1,'B',10,'VIP'),(31,1,'B',11,'VIP'),(32,1,'B',12,'VIP'),(33,1,'B',13,'VIP'),(34,1,'B',14,'VIP'),(35,1,'B',15,'VIP'),(36,1,'B',16,'VIP'),(37,1,'B',17,'VIP'),(38,1,'B',18,'VIP'),(39,1,'B',19,'VIP'),(40,1,'B',20,'VIP'),(41,1,'C',1,'STANDARD'),(42,1,'C',2,'STANDARD'),(43,1,'C',3,'STANDARD'),(44,1,'C',4,'STANDARD'),(45,1,'C',5,'STANDARD'),(46,1,'C',6,'STANDARD'),(47,1,'C',7,'STANDARD'),(48,1,'C',8,'STANDARD'),(49,1,'C',9,'STANDARD'),(50,1,'C',10,'STANDARD'),(51,1,'C',11,'STANDARD'),(52,1,'C',12,'STANDARD'),(53,1,'C',13,'STANDARD'),(54,1,'C',14,'STANDARD'),(55,1,'C',15,'STANDARD'),(56,1,'C',16,'STANDARD'),(57,1,'C',17,'STANDARD'),(58,1,'C',18,'STANDARD'),(59,1,'C',19,'STANDARD'),(60,1,'C',20,'STANDARD'),(61,1,'D',1,'STANDARD'),(62,1,'D',2,'STANDARD'),(63,1,'D',3,'STANDARD'),(64,1,'D',4,'STANDARD'),(65,1,'D',5,'STANDARD'),(66,1,'D',6,'STANDARD'),(67,1,'D',7,'STANDARD'),(68,1,'D',8,'STANDARD'),(69,1,'D',9,'STANDARD'),(70,1,'D',10,'STANDARD'),(71,1,'D',11,'STANDARD'),(72,1,'D',12,'STANDARD'),(73,1,'D',13,'STANDARD'),(74,1,'D',14,'STANDARD'),(75,1,'D',15,'STANDARD'),(76,1,'D',16,'STANDARD'),(77,1,'D',17,'STANDARD'),(78,1,'D',18,'STANDARD'),(79,1,'D',19,'STANDARD'),(80,1,'D',20,'STANDARD'),(81,1,'E',1,'STANDARD'),(82,1,'E',2,'STANDARD'),(83,1,'E',3,'STANDARD'),(84,1,'E',4,'STANDARD'),(85,1,'E',5,'STANDARD'),(86,1,'E',6,'STANDARD'),(87,1,'E',7,'STANDARD'),(88,1,'E',8,'STANDARD'),(89,1,'E',9,'STANDARD'),(90,1,'E',10,'STANDARD'),(91,1,'E',11,'STANDARD'),(92,1,'E',12,'STANDARD'),(93,1,'E',13,'STANDARD'),(94,1,'E',14,'STANDARD'),(95,1,'E',15,'STANDARD'),(96,1,'E',16,'STANDARD'),(97,1,'E',17,'STANDARD'),(98,1,'E',18,'STANDARD'),(99,1,'E',19,'STANDARD'),(100,1,'E',20,'STANDARD'),(101,1,'F',1,'STANDARD'),(102,1,'F',2,'STANDARD'),(103,1,'F',3,'STANDARD'),(104,1,'F',4,'STANDARD'),(105,1,'F',5,'STANDARD'),(106,1,'F',6,'STANDARD'),(107,1,'F',7,'STANDARD'),(108,1,'F',8,'STANDARD'),(109,1,'F',9,'STANDARD'),(110,1,'F',10,'STANDARD'),(111,1,'F',11,'STANDARD'),(112,1,'F',12,'STANDARD'),(113,1,'F',13,'STANDARD'),(114,1,'F',14,'STANDARD'),(115,1,'F',15,'STANDARD'),(116,1,'F',16,'STANDARD'),(117,1,'F',17,'STANDARD'),(118,1,'F',18,'STANDARD'),(119,1,'F',19,'STANDARD'),(120,1,'F',20,'STANDARD'),(121,1,'G',1,'STANDARD'),(122,1,'G',2,'STANDARD'),(123,1,'G',3,'STANDARD'),(124,1,'G',4,'STANDARD'),(125,1,'G',5,'STANDARD'),(126,1,'G',6,'STANDARD'),(127,1,'G',7,'STANDARD'),(128,1,'G',8,'STANDARD'),(129,1,'G',9,'STANDARD'),(130,1,'G',10,'STANDARD'),(131,1,'G',11,'STANDARD'),(132,1,'G',12,'STANDARD'),(133,1,'G',13,'STANDARD'),(134,1,'G',14,'STANDARD'),(135,1,'G',15,'STANDARD'),(136,1,'G',16,'STANDARD'),(137,1,'G',17,'STANDARD'),(138,1,'G',18,'STANDARD'),(139,1,'G',19,'STANDARD'),(140,1,'G',20,'STANDARD'),(141,1,'H',1,'STANDARD'),(142,1,'H',2,'STANDARD'),(143,1,'H',3,'STANDARD'),(144,1,'H',4,'STANDARD'),(145,1,'H',5,'STANDARD'),(146,1,'H',6,'STANDARD'),(147,1,'H',7,'STANDARD'),(148,1,'H',8,'STANDARD'),(149,1,'H',9,'STANDARD'),(150,1,'H',10,'STANDARD'),(151,1,'H',11,'STANDARD'),(152,1,'H',12,'STANDARD'),(153,1,'H',13,'STANDARD'),(154,1,'H',14,'STANDARD'),(155,1,'H',15,'STANDARD'),(156,1,'H',16,'STANDARD'),(157,1,'H',17,'STANDARD'),(158,1,'H',18,'STANDARD'),(159,1,'H',19,'STANDARD'),(160,1,'H',20,'STANDARD'),(161,1,'I',1,'STANDARD'),(162,1,'I',2,'STANDARD'),(163,1,'I',3,'STANDARD'),(164,1,'I',4,'STANDARD'),(165,1,'I',5,'STANDARD'),(166,1,'I',6,'STANDARD'),(167,1,'I',7,'STANDARD'),(168,1,'I',8,'STANDARD'),(169,1,'I',9,'STANDARD'),(170,1,'I',10,'STANDARD'),(171,1,'I',11,'STANDARD'),(172,1,'I',12,'STANDARD'),(173,1,'I',13,'STANDARD'),(174,1,'I',14,'STANDARD'),(175,1,'I',15,'STANDARD'),(176,1,'I',16,'STANDARD'),(177,1,'I',17,'STANDARD'),(178,1,'I',18,'STANDARD'),(179,1,'I',19,'STANDARD'),(180,1,'I',20,'STANDARD'),(181,1,'J',1,'STANDARD'),(182,1,'J',2,'STANDARD'),(183,1,'J',3,'STANDARD'),(184,1,'J',4,'STANDARD'),(185,1,'J',5,'STANDARD'),(186,1,'J',6,'STANDARD'),(187,1,'J',7,'STANDARD'),(188,1,'J',8,'STANDARD'),(189,1,'J',9,'STANDARD'),(190,1,'J',10,'STANDARD'),(191,1,'J',11,'STANDARD'),(192,1,'J',12,'STANDARD'),(193,1,'J',13,'STANDARD'),(194,1,'J',14,'STANDARD'),(195,1,'J',15,'STANDARD'),(196,1,'J',16,'STANDARD'),(197,1,'J',17,'STANDARD'),(198,1,'J',18,'STANDARD'),(199,1,'J',19,'STANDARD'),(200,1,'J',20,'STANDARD');
INSERT INTO seat VALUES (201,2,'A',1,'VIP'),(202,2,'A',2,'VIP'),(203,2,'A',3,'VIP'),(204,2,'A',4,'VIP'),(205,2,'A',5,'VIP'),(206,2,'A',6,'VIP'),(207,2,'A',7,'VIP'),(208,2,'A',8,'VIP'),(209,2,'A',9,'VIP'),(210,2,'A',10,'VIP'),(211,2,'A',11,'VIP'),(212,2,'A',12,'VIP'),(213,2,'A',13,'VIP'),(214,2,'A',14,'VIP'),(215,2,'A',15,'VIP'),(216,2,'A',16,'VIP'),(217,2,'A',17,'VIP'),(218,2,'A',18,'VIP'),(219,2,'A',19,'VIP'),(220,2,'A',20,'VIP'),(221,2,'B',1,'VIP'),(222,2,'B',2,'VIP'),(223,2,'B',3,'VIP'),(224,2,'B',4,'VIP'),(225,2,'B',5,'VIP'),(226,2,'B',6,'VIP'),(227,2,'B',7,'VIP'),(228,2,'B',8,'VIP'),(229,2,'B',9,'VIP'),(230,2,'B',10,'VIP'),(231,2,'B',11,'VIP'),(232,2,'B',12,'VIP'),(233,2,'B',13,'VIP'),(234,2,'B',14,'VIP'),(235,2,'B',15,'VIP'),(236,2,'B',16,'VIP'),(237,2,'B',17,'VIP'),(238,2,'B',18,'VIP'),(239,2,'B',19,'VIP'),(240,2,'B',20,'VIP'),(241,2,'C',1,'STANDARD'),(242,2,'C',2,'STANDARD'),(243,2,'C',3,'STANDARD'),(244,2,'C',4,'STANDARD'),(245,2,'C',5,'STANDARD'),(246,2,'C',6,'STANDARD'),(247,2,'C',7,'STANDARD'),(248,2,'C',8,'STANDARD'),(249,2,'C',9,'STANDARD'),(250,2,'C',10,'STANDARD'),(251,2,'C',11,'STANDARD'),(252,2,'C',12,'STANDARD'),(253,2,'C',13,'STANDARD'),(254,2,'C',14,'STANDARD'),(255,2,'C',15,'STANDARD'),(256,2,'C',16,'STANDARD'),(257,2,'C',17,'STANDARD'),(258,2,'C',18,'STANDARD'),(259,2,'C',19,'STANDARD'),(260,2,'C',20,'STANDARD'),(261,2,'D',1,'STANDARD'),(262,2,'D',2,'STANDARD'),(263,2,'D',3,'STANDARD'),(264,2,'D',4,'STANDARD'),(265,2,'D',5,'STANDARD'),(266,2,'D',6,'STANDARD'),(267,2,'D',7,'STANDARD'),(268,2,'D',8,'STANDARD'),(269,2,'D',9,'STANDARD'),(270,2,'D',10,'STANDARD'),(271,2,'D',11,'STANDARD'),(272,2,'D',12,'STANDARD'),(273,2,'D',13,'STANDARD'),(274,2,'D',14,'STANDARD'),(275,2,'D',15,'STANDARD'),(276,2,'D',16,'STANDARD'),(277,2,'D',17,'STANDARD'),(278,2,'D',18,'STANDARD'),(279,2,'D',19,'STANDARD'),(280,2,'D',20,'STANDARD'),(281,2,'E',1,'STANDARD'),(282,2,'E',2,'STANDARD'),(283,2,'E',3,'STANDARD'),(284,2,'E',4,'STANDARD'),(285,2,'E',5,'STANDARD'),(286,2,'E',6,'STANDARD'),(287,2,'E',7,'STANDARD'),(288,2,'E',8,'STANDARD'),(289,2,'E',9,'STANDARD'),(290,2,'E',10,'STANDARD'),(291,2,'E',11,'STANDARD'),(292,2,'E',12,'STANDARD'),(293,2,'E',13,'STANDARD'),(294,2,'E',14,'STANDARD'),(295,2,'E',15,'STANDARD'),(296,2,'E',16,'STANDARD'),(297,2,'E',17,'STANDARD'),(298,2,'E',18,'STANDARD'),(299,2,'E',19,'STANDARD'),(300,2,'E',20,'STANDARD'),(301,2,'F',1,'STANDARD'),(302,2,'F',2,'STANDARD'),(303,2,'F',3,'STANDARD'),(304,2,'F',4,'STANDARD'),(305,2,'F',5,'STANDARD'),(306,2,'F',6,'STANDARD'),(307,2,'F',7,'STANDARD'),(308,2,'F',8,'STANDARD'),(309,2,'F',9,'STANDARD'),(310,2,'F',10,'STANDARD'),(311,2,'F',11,'STANDARD'),(312,2,'F',12,'STANDARD'),(313,2,'F',13,'STANDARD'),(314,2,'F',14,'STANDARD'),(315,2,'F',15,'STANDARD'),(316,2,'F',16,'STANDARD'),(317,2,'F',17,'STANDARD'),(318,2,'F',18,'STANDARD'),(319,2,'F',19,'STANDARD'),(320,2,'F',20,'STANDARD'),(321,2,'G',1,'STANDARD'),(322,2,'G',2,'STANDARD'),(323,2,'G',3,'STANDARD'),(324,2,'G',4,'STANDARD'),(325,2,'G',5,'STANDARD'),(326,2,'G',6,'STANDARD'),(327,2,'G',7,'STANDARD'),(328,2,'G',8,'STANDARD'),(329,2,'G',9,'STANDARD'),(330,2,'G',10,'STANDARD'),(331,2,'G',11,'STANDARD'),(332,2,'G',12,'STANDARD'),(333,2,'G',13,'STANDARD'),(334,2,'G',14,'STANDARD'),(335,2,'G',15,'STANDARD'),(336,2,'G',16,'STANDARD'),(337,2,'G',17,'STANDARD'),(338,2,'G',18,'STANDARD'),(339,2,'G',19,'STANDARD'),(340,2,'G',20,'STANDARD'),(341,2,'H',1,'STANDARD'),(342,2,'H',2,'STANDARD'),(343,2,'H',3,'STANDARD'),(344,2,'H',4,'STANDARD'),(345,2,'H',5,'STANDARD'),(346,2,'H',6,'STANDARD'),(347,2,'H',7,'STANDARD'),(348,2,'H',8,'STANDARD'),(349,2,'H',9,'STANDARD'),(350,2,'H',10,'STANDARD'),(351,2,'H',11,'STANDARD'),(352,2,'H',12,'STANDARD'),(353,2,'H',13,'STANDARD'),(354,2,'H',14,'STANDARD'),(355,2,'H',15,'STANDARD'),(356,2,'H',16,'STANDARD'),(357,2,'H',17,'STANDARD'),(358,2,'H',18,'STANDARD'),(359,2,'H',19,'STANDARD'),(360,2,'H',20,'STANDARD'),(361,2,'I',1,'STANDARD'),(362,2,'I',2,'STANDARD'),(363,2,'I',3,'STANDARD'),(364,2,'I',4,'STANDARD'),(365,2,'I',5,'STANDARD'),(366,2,'I',6,'STANDARD'),(367,2,'I',7,'STANDARD'),(368,2,'I',8,'STANDARD'),(369,2,'I',9,'STANDARD'),(370,2,'I',10,'STANDARD'),(371,2,'I',11,'STANDARD'),(372,2,'I',12,'STANDARD'),(373,2,'I',13,'STANDARD'),(374,2,'I',14,'STANDARD'),(375,2,'I',15,'STANDARD'),(376,2,'I',16,'STANDARD'),(377,2,'I',17,'STANDARD'),(378,2,'I',18,'STANDARD'),(379,2,'I',19,'STANDARD'),(380,2,'I',20,'STANDARD'),(381,3,'A',1,'VIP'),(382,3,'A',2,'VIP'),(383,3,'A',3,'VIP'),(384,3,'A',4,'VIP'),(385,3,'A',5,'VIP'),(386,3,'A',6,'VIP'),(387,3,'A',7,'VIP'),(388,3,'A',8,'VIP'),(389,3,'A',9,'VIP'),(390,3,'A',10,'VIP'),(391,3,'A',11,'VIP'),(392,3,'A',12,'VIP'),(393,3,'A',13,'VIP'),(394,3,'A',14,'VIP'),(395,3,'A',15,'VIP'),(396,3,'A',16,'VIP'),(397,3,'A',17,'VIP'),(398,3,'A',18,'VIP'),(399,3,'A',19,'VIP'),(400,3,'A',20,'VIP');
INSERT INTO seat VALUES (401,3,'B',1,'VIP'),(402,3,'B',2,'VIP'),(403,3,'B',3,'VIP'),(404,3,'B',4,'VIP'),(405,3,'B',5,'VIP'),(406,3,'B',6,'VIP'),(407,3,'B',7,'VIP'),(408,3,'B',8,'VIP'),(409,3,'B',9,'VIP'),(410,3,'B',10,'VIP'),(411,3,'B',11,'VIP'),(412,3,'B',12,'VIP'),(413,3,'B',13,'VIP'),(414,3,'B',14,'VIP'),(415,3,'B',15,'VIP'),(416,3,'B',16,'VIP'),(417,3,'B',17,'VIP'),(418,3,'B',18,'VIP'),(419,3,'B',19,'VIP'),(420,3,'B',20,'VIP'),(421,3,'C',1,'STANDARD'),(422,3,'C',2,'STANDARD'),(423,3,'C',3,'STANDARD'),(424,3,'C',4,'STANDARD'),(425,3,'C',5,'STANDARD'),(426,3,'C',6,'STANDARD'),(427,3,'C',7,'STANDARD'),(428,3,'C',8,'STANDARD'),(429,3,'C',9,'STANDARD'),(430,3,'C',10,'STANDARD'),(431,3,'C',11,'STANDARD'),(432,3,'C',12,'STANDARD'),(433,3,'C',13,'STANDARD'),(434,3,'C',14,'STANDARD'),(435,3,'C',15,'STANDARD'),(436,3,'C',16,'STANDARD'),(437,3,'C',17,'STANDARD'),(438,3,'C',18,'STANDARD'),(439,3,'C',19,'STANDARD'),(440,3,'C',20,'STANDARD'),(441,3,'D',1,'STANDARD'),(442,3,'D',2,'STANDARD'),(443,3,'D',3,'STANDARD'),(444,3,'D',4,'STANDARD'),(445,3,'D',5,'STANDARD'),(446,3,'D',6,'STANDARD'),(447,3,'D',7,'STANDARD'),(448,3,'D',8,'STANDARD'),(449,3,'D',9,'STANDARD'),(450,3,'D',10,'STANDARD'),(451,3,'D',11,'STANDARD'),(452,3,'D',12,'STANDARD'),(453,3,'D',13,'STANDARD'),(454,3,'D',14,'STANDARD'),(455,3,'D',15,'STANDARD'),(456,3,'D',16,'STANDARD'),(457,3,'D',17,'STANDARD'),(458,3,'D',18,'STANDARD'),(459,3,'D',19,'STANDARD'),(460,3,'D',20,'STANDARD'),(461,3,'E',1,'STANDARD'),(462,3,'E',2,'STANDARD'),(463,3,'E',3,'STANDARD'),(464,3,'E',4,'STANDARD'),(465,3,'E',5,'STANDARD'),(466,3,'E',6,'STANDARD'),(467,3,'E',7,'STANDARD'),(468,3,'E',8,'STANDARD'),(469,3,'E',9,'STANDARD'),(470,3,'E',10,'STANDARD'),(471,3,'E',11,'STANDARD'),(472,3,'E',12,'STANDARD'),(473,3,'E',13,'STANDARD'),(474,3,'E',14,'STANDARD'),(475,3,'E',15,'STANDARD'),(476,3,'E',16,'STANDARD'),(477,3,'E',17,'STANDARD'),(478,3,'E',18,'STANDARD'),(479,3,'E',19,'STANDARD'),(480,3,'E',20,'STANDARD'),(481,3,'F',1,'STANDARD'),(482,3,'F',2,'STANDARD'),(483,3,'F',3,'STANDARD'),(484,3,'F',4,'STANDARD'),(485,3,'F',5,'STANDARD'),(486,3,'F',6,'STANDARD'),(487,3,'F',7,'STANDARD'),(488,3,'F',8,'STANDARD'),(489,3,'F',9,'STANDARD'),(490,3,'F',10,'STANDARD'),(491,3,'F',11,'STANDARD'),(492,3,'F',12,'STANDARD'),(493,3,'F',13,'STANDARD'),(494,3,'F',14,'STANDARD'),(495,3,'F',15,'STANDARD'),(496,3,'F',16,'STANDARD'),(497,3,'F',17,'STANDARD'),(498,3,'F',18,'STANDARD'),(499,3,'F',19,'STANDARD'),(500,3,'F',20,'STANDARD'),(501,3,'G',1,'STANDARD'),(502,3,'G',2,'STANDARD'),(503,3,'G',3,'STANDARD'),(504,3,'G',4,'STANDARD'),(505,3,'G',5,'STANDARD'),(506,3,'G',6,'STANDARD'),(507,3,'G',7,'STANDARD'),(508,3,'G',8,'STANDARD'),(509,3,'G',9,'STANDARD'),(510,3,'G',10,'STANDARD'),(511,3,'G',11,'STANDARD'),(512,3,'G',12,'STANDARD'),(513,3,'G',13,'STANDARD'),(514,3,'G',14,'STANDARD'),(515,3,'G',15,'STANDARD'),(516,3,'G',16,'STANDARD'),(517,3,'G',17,'STANDARD'),(518,3,'G',18,'STANDARD'),(519,3,'G',19,'STANDARD'),(520,3,'G',20,'STANDARD'),(521,3,'H',1,'STANDARD'),(522,3,'H',2,'STANDARD'),(523,3,'H',3,'STANDARD'),(524,3,'H',4,'STANDARD'),(525,3,'H',5,'STANDARD'),(526,3,'H',6,'STANDARD'),(527,3,'H',7,'STANDARD'),(528,3,'H',8,'STANDARD'),(529,3,'H',9,'STANDARD'),(530,3,'H',10,'STANDARD'),(531,3,'H',11,'STANDARD'),(532,3,'H',12,'STANDARD'),(533,3,'H',13,'STANDARD'),(534,3,'H',14,'STANDARD'),(535,3,'H',15,'STANDARD'),(536,3,'H',16,'STANDARD'),(537,3,'H',17,'STANDARD'),(538,3,'H',18,'STANDARD'),(539,3,'H',19,'STANDARD'),(540,3,'H',20,'STANDARD'),(541,4,'A',1,'VIP'),(542,4,'A',2,'VIP'),(543,4,'A',3,'VIP'),(544,4,'A',4,'VIP'),(545,4,'A',5,'VIP'),(546,4,'A',6,'VIP'),(547,4,'A',7,'VIP'),(548,4,'A',8,'VIP'),(549,4,'A',9,'VIP'),(550,4,'A',10,'VIP'),(551,4,'A',11,'VIP'),(552,4,'A',12,'VIP'),(553,4,'A',13,'VIP'),(554,4,'A',14,'VIP'),(555,4,'A',15,'VIP'),(556,4,'B',1,'VIP'),(557,4,'B',2,'VIP'),(558,4,'B',3,'VIP'),(559,4,'B',4,'VIP'),(560,4,'B',5,'VIP'),(561,4,'B',6,'VIP'),(562,4,'B',7,'VIP'),(563,4,'B',8,'VIP'),(564,4,'B',9,'VIP'),(565,4,'B',10,'VIP'),(566,4,'B',11,'VIP'),(567,4,'B',12,'VIP'),(568,4,'B',13,'VIP'),(569,4,'B',14,'VIP'),(570,4,'B',15,'VIP'),(571,4,'C',1,'STANDARD'),(572,4,'C',2,'STANDARD'),(573,4,'C',3,'STANDARD'),(574,4,'C',4,'STANDARD'),(575,4,'C',5,'STANDARD'),(576,4,'C',6,'STANDARD'),(577,4,'C',7,'STANDARD'),(578,4,'C',8,'STANDARD'),(579,4,'C',9,'STANDARD'),(580,4,'C',10,'STANDARD'),(581,4,'C',11,'STANDARD'),(582,4,'C',12,'STANDARD'),(583,4,'C',13,'STANDARD'),(584,4,'C',14,'STANDARD'),(585,4,'C',15,'STANDARD'),(586,4,'D',1,'STANDARD'),(587,4,'D',2,'STANDARD'),(588,4,'D',3,'STANDARD'),(589,4,'D',4,'STANDARD'),(590,4,'D',5,'STANDARD'),(591,4,'D',6,'STANDARD'),(592,4,'D',7,'STANDARD'),(593,4,'D',8,'STANDARD'),(594,4,'D',9,'STANDARD'),(595,4,'D',10,'STANDARD'),(596,4,'D',11,'STANDARD'),(597,4,'D',12,'STANDARD'),(598,4,'D',13,'STANDARD'),(599,4,'D',14,'STANDARD'),(600,4,'D',15,'STANDARD');
INSERT INTO seat VALUES (601,4,'E',1,'STANDARD'),(602,4,'E',2,'STANDARD'),(603,4,'E',3,'STANDARD'),(604,4,'E',4,'STANDARD'),(605,4,'E',5,'STANDARD'),(606,4,'E',6,'STANDARD'),(607,4,'E',7,'STANDARD'),(608,4,'E',8,'STANDARD'),(609,4,'E',9,'STANDARD'),(610,4,'E',10,'STANDARD'),(611,4,'E',11,'STANDARD'),(612,4,'E',12,'STANDARD'),(613,4,'E',13,'STANDARD'),(614,4,'E',14,'STANDARD'),(615,4,'E',15,'STANDARD'),(616,4,'F',1,'STANDARD'),(617,4,'F',2,'STANDARD'),(618,4,'F',3,'STANDARD'),(619,4,'F',4,'STANDARD'),(620,4,'F',5,'STANDARD'),(621,4,'F',6,'STANDARD'),(622,4,'F',7,'STANDARD'),(623,4,'F',8,'STANDARD'),(624,4,'F',9,'STANDARD'),(625,4,'F',10,'STANDARD'),(626,4,'F',11,'STANDARD'),(627,4,'F',12,'STANDARD'),(628,4,'F',13,'STANDARD'),(629,4,'F',14,'STANDARD'),(630,4,'F',15,'STANDARD'),(631,4,'G',1,'STANDARD'),(632,4,'G',2,'STANDARD'),(633,4,'G',3,'STANDARD'),(634,4,'G',4,'STANDARD'),(635,4,'G',5,'STANDARD'),(636,4,'G',6,'STANDARD'),(637,4,'G',7,'STANDARD'),(638,4,'G',8,'STANDARD'),(639,4,'G',9,'STANDARD'),(640,4,'G',10,'STANDARD'),(641,4,'G',11,'STANDARD'),(642,4,'G',12,'STANDARD'),(643,4,'G',13,'STANDARD'),(644,4,'G',14,'STANDARD'),(645,4,'G',15,'STANDARD'),(646,4,'H',1,'STANDARD'),(647,4,'H',2,'STANDARD'),(648,4,'H',3,'STANDARD'),(649,4,'H',4,'STANDARD'),(650,4,'H',5,'STANDARD'),(651,4,'H',6,'STANDARD'),(652,4,'H',7,'STANDARD'),(653,4,'H',8,'STANDARD'),(654,4,'H',9,'STANDARD'),(655,4,'H',10,'STANDARD'),(656,4,'H',11,'STANDARD'),(657,4,'H',12,'STANDARD'),(658,4,'H',13,'STANDARD'),(659,4,'H',14,'STANDARD'),(660,4,'H',15,'STANDARD'),(661,4,'I',1,'STANDARD'),(662,4,'I',2,'STANDARD'),(663,4,'I',3,'STANDARD'),(664,4,'I',4,'STANDARD'),(665,4,'I',5,'STANDARD'),(666,4,'I',6,'STANDARD'),(667,4,'I',7,'STANDARD'),(668,4,'I',8,'STANDARD'),(669,4,'I',9,'STANDARD'),(670,4,'I',10,'STANDARD'),(671,4,'I',11,'STANDARD'),(672,4,'I',12,'STANDARD'),(673,4,'I',13,'STANDARD'),(674,4,'I',14,'STANDARD'),(675,4,'I',15,'STANDARD'),(676,4,'J',1,'STANDARD'),(677,4,'J',2,'STANDARD'),(678,4,'J',3,'STANDARD'),(679,4,'J',4,'STANDARD'),(680,4,'J',5,'STANDARD'),(681,4,'J',6,'STANDARD'),(682,4,'J',7,'STANDARD'),(683,4,'J',8,'STANDARD'),(684,4,'J',9,'STANDARD'),(685,4,'J',10,'STANDARD'),(686,4,'J',11,'STANDARD'),(687,4,'J',12,'STANDARD'),(688,4,'J',13,'STANDARD'),(689,4,'J',14,'STANDARD'),(690,4,'J',15,'STANDARD'),(691,5,'A',1,'VIP'),(692,5,'A',2,'VIP'),(693,5,'A',3,'VIP'),(694,5,'A',4,'VIP'),(695,5,'A',5,'VIP'),(696,5,'A',6,'VIP'),(697,5,'A',7,'VIP'),(698,5,'A',8,'VIP'),(699,5,'A',9,'VIP'),(700,5,'A',10,'VIP'),(701,5,'A',11,'VIP'),(702,5,'A',12,'VIP'),(703,5,'A',13,'VIP'),(704,5,'A',14,'VIP'),(705,5,'A',15,'VIP'),(706,5,'A',16,'VIP'),(707,5,'A',17,'VIP'),(708,5,'A',18,'VIP'),(709,5,'A',19,'VIP'),(710,5,'A',20,'VIP'),(711,5,'B',1,'VIP'),(712,5,'B',2,'VIP'),(713,5,'B',3,'VIP'),(714,5,'B',4,'VIP'),(715,5,'B',5,'VIP'),(716,5,'B',6,'VIP'),(717,5,'B',7,'VIP'),(718,5,'B',8,'VIP'),(719,5,'B',9,'VIP'),(720,5,'B',10,'VIP'),(721,5,'B',11,'VIP'),(722,5,'B',12,'VIP'),(723,5,'B',13,'VIP'),(724,5,'B',14,'VIP'),(725,5,'B',15,'VIP'),(726,5,'B',16,'VIP'),(727,5,'B',17,'VIP'),(728,5,'B',18,'VIP'),(729,5,'B',19,'VIP'),(730,5,'B',20,'VIP'),(731,5,'C',1,'STANDARD'),(732,5,'C',2,'STANDARD'),(733,5,'C',3,'STANDARD'),(734,5,'C',4,'STANDARD'),(735,5,'C',5,'STANDARD'),(736,5,'C',6,'STANDARD'),(737,5,'C',7,'STANDARD'),(738,5,'C',8,'STANDARD'),(739,5,'C',9,'STANDARD'),(740,5,'C',10,'STANDARD'),(741,5,'C',11,'STANDARD'),(742,5,'C',12,'STANDARD'),(743,5,'C',13,'STANDARD'),(744,5,'C',14,'STANDARD'),(745,5,'C',15,'STANDARD'),(746,5,'C',16,'STANDARD'),(747,5,'C',17,'STANDARD'),(748,5,'C',18,'STANDARD'),(749,5,'C',19,'STANDARD'),(750,5,'C',20,'STANDARD'),(751,5,'D',1,'STANDARD'),(752,5,'D',2,'STANDARD'),(753,5,'D',3,'STANDARD'),(754,5,'D',4,'STANDARD'),(755,5,'D',5,'STANDARD'),(756,5,'D',6,'STANDARD'),(757,5,'D',7,'STANDARD'),(758,5,'D',8,'STANDARD'),(759,5,'D',9,'STANDARD'),(760,5,'D',10,'STANDARD'),(761,5,'D',11,'STANDARD'),(762,5,'D',12,'STANDARD'),(763,5,'D',13,'STANDARD'),(764,5,'D',14,'STANDARD'),(765,5,'D',15,'STANDARD'),(766,5,'D',16,'STANDARD'),(767,5,'D',17,'STANDARD'),(768,5,'D',18,'STANDARD'),(769,5,'D',19,'STANDARD'),(770,5,'D',20,'STANDARD'),(771,5,'E',1,'STANDARD'),(772,5,'E',2,'STANDARD'),(773,5,'E',3,'STANDARD'),(774,5,'E',4,'STANDARD'),(775,5,'E',5,'STANDARD'),(776,5,'E',6,'STANDARD'),(777,5,'E',7,'STANDARD'),(778,5,'E',8,'STANDARD'),(779,5,'E',9,'STANDARD'),(780,5,'E',10,'STANDARD'),(781,5,'E',11,'STANDARD'),(782,5,'E',12,'STANDARD'),(783,5,'E',13,'STANDARD'),(784,5,'E',14,'STANDARD'),(785,5,'E',15,'STANDARD'),(786,5,'E',16,'STANDARD'),(787,5,'E',17,'STANDARD'),(788,5,'E',18,'STANDARD'),(789,5,'E',19,'STANDARD'),(790,5,'E',20,'STANDARD'),(791,5,'F',1,'STANDARD'),(792,5,'F',2,'STANDARD'),(793,5,'F',3,'STANDARD'),(794,5,'F',4,'STANDARD'),(795,5,'F',5,'STANDARD'),(796,5,'F',6,'STANDARD'),(797,5,'F',7,'STANDARD'),(798,5,'F',8,'STANDARD'),(799,5,'F',9,'STANDARD'),(800,5,'F',10,'STANDARD');
INSERT INTO seat VALUES (801,5,'F',11,'STANDARD'),(802,5,'F',12,'STANDARD'),(803,5,'F',13,'STANDARD'),(804,5,'F',14,'STANDARD'),(805,5,'F',15,'STANDARD'),(806,5,'F',16,'STANDARD'),(807,5,'F',17,'STANDARD'),(808,5,'F',18,'STANDARD'),(809,5,'F',19,'STANDARD'),(810,5,'F',20,'STANDARD'),(811,5,'G',1,'STANDARD'),(812,5,'G',2,'STANDARD'),(813,5,'G',3,'STANDARD'),(814,5,'G',4,'STANDARD'),(815,5,'G',5,'STANDARD'),(816,5,'G',6,'STANDARD'),(817,5,'G',7,'STANDARD'),(818,5,'G',8,'STANDARD'),(819,5,'G',9,'STANDARD'),(820,5,'G',10,'STANDARD'),(821,5,'G',11,'STANDARD'),(822,5,'G',12,'STANDARD'),(823,5,'G',13,'STANDARD'),(824,5,'G',14,'STANDARD'),(825,5,'G',15,'STANDARD'),(826,5,'G',16,'STANDARD'),(827,5,'G',17,'STANDARD'),(828,5,'G',18,'STANDARD'),(829,5,'G',19,'STANDARD'),(830,5,'G',20,'STANDARD'),(831,6,'A',1,'VIP'),(832,6,'A',2,'VIP'),(833,6,'A',3,'VIP'),(834,6,'A',4,'VIP'),(835,6,'A',5,'VIP'),(836,6,'A',6,'VIP'),(837,6,'A',7,'VIP'),(838,6,'A',8,'VIP'),(839,6,'A',9,'VIP'),(840,6,'A',10,'VIP'),(841,6,'A',11,'VIP'),(842,6,'A',12,'VIP'),(843,6,'A',13,'VIP'),(844,6,'A',14,'VIP'),(845,6,'A',15,'VIP'),(846,6,'A',16,'VIP'),(847,6,'A',17,'VIP'),(848,6,'A',18,'VIP'),(849,6,'B',1,'VIP'),(850,6,'B',2,'VIP'),(851,6,'B',3,'VIP'),(852,6,'B',4,'VIP'),(853,6,'B',5,'VIP'),(854,6,'B',6,'VIP'),(855,6,'B',7,'VIP'),(856,6,'B',8,'VIP'),(857,6,'B',9,'VIP'),(858,6,'B',10,'VIP'),(859,6,'B',11,'VIP'),(860,6,'B',12,'VIP'),(861,6,'B',13,'VIP'),(862,6,'B',14,'VIP'),(863,6,'B',15,'VIP'),(864,6,'B',16,'VIP'),(865,6,'B',17,'VIP'),(866,6,'B',18,'VIP'),(867,6,'C',1,'STANDARD'),(868,6,'C',2,'STANDARD'),(869,6,'C',3,'STANDARD'),(870,6,'C',4,'STANDARD'),(871,6,'C',5,'STANDARD'),(872,6,'C',6,'STANDARD'),(873,6,'C',7,'STANDARD'),(874,6,'C',8,'STANDARD'),(875,6,'C',9,'STANDARD'),(876,6,'C',10,'STANDARD'),(877,6,'C',11,'STANDARD'),(878,6,'C',12,'STANDARD'),(879,6,'C',13,'STANDARD'),(880,6,'C',14,'STANDARD'),(881,6,'C',15,'STANDARD'),(882,6,'C',16,'STANDARD'),(883,6,'C',17,'STANDARD'),(884,6,'C',18,'STANDARD'),(885,6,'D',1,'STANDARD'),(886,6,'D',2,'STANDARD'),(887,6,'D',3,'STANDARD'),(888,6,'D',4,'STANDARD'),(889,6,'D',5,'STANDARD'),(890,6,'D',6,'STANDARD'),(891,6,'D',7,'STANDARD'),(892,6,'D',8,'STANDARD'),(893,6,'D',9,'STANDARD'),(894,6,'D',10,'STANDARD'),(895,6,'D',11,'STANDARD'),(896,6,'D',12,'STANDARD'),(897,6,'D',13,'STANDARD'),(898,6,'D',14,'STANDARD'),(899,6,'D',15,'STANDARD'),(900,6,'D',16,'STANDARD'),(901,6,'D',17,'STANDARD'),(902,6,'D',18,'STANDARD'),(903,6,'E',1,'STANDARD'),(904,6,'E',2,'STANDARD'),(905,6,'E',3,'STANDARD'),(906,6,'E',4,'STANDARD'),(907,6,'E',5,'STANDARD'),(908,6,'E',6,'STANDARD'),(909,6,'E',7,'STANDARD'),(910,6,'E',8,'STANDARD'),(911,6,'E',9,'STANDARD'),(912,6,'E',10,'STANDARD'),(913,6,'E',11,'STANDARD'),(914,6,'E',12,'STANDARD'),(915,6,'E',13,'STANDARD'),(916,6,'E',14,'STANDARD'),(917,6,'E',15,'STANDARD'),(918,6,'E',16,'STANDARD'),(919,6,'E',17,'STANDARD'),(920,6,'E',18,'STANDARD'),(921,6,'F',1,'STANDARD'),(922,6,'F',2,'STANDARD'),(923,6,'F',3,'STANDARD'),(924,6,'F',4,'STANDARD'),(925,6,'F',5,'STANDARD'),(926,6,'F',6,'STANDARD'),(927,6,'F',7,'STANDARD'),(928,6,'F',8,'STANDARD'),(929,6,'F',9,'STANDARD'),(930,6,'F',10,'STANDARD'),(931,6,'F',11,'STANDARD'),(932,6,'F',12,'STANDARD'),(933,6,'F',13,'STANDARD'),(934,6,'F',14,'STANDARD'),(935,6,'F',15,'STANDARD'),(936,6,'F',16,'STANDARD'),(937,6,'F',17,'STANDARD'),(938,6,'F',18,'STANDARD'),(939,6,'G',1,'STANDARD'),(940,6,'G',2,'STANDARD'),(941,6,'G',3,'STANDARD'),(942,6,'G',4,'STANDARD'),(943,6,'G',5,'STANDARD'),(944,6,'G',6,'STANDARD'),(945,6,'G',7,'STANDARD'),(946,6,'G',8,'STANDARD'),(947,6,'G',9,'STANDARD'),(948,6,'G',10,'STANDARD'),(949,6,'G',11,'STANDARD'),(950,6,'G',12,'STANDARD'),(951,6,'G',13,'STANDARD'),(952,6,'G',14,'STANDARD'),(953,6,'G',15,'STANDARD'),(954,6,'G',16,'STANDARD'),(955,6,'G',17,'STANDARD'),(956,6,'G',18,'STANDARD'),(957,7,'A',1,'VIP'),(958,7,'A',2,'VIP'),(959,7,'A',3,'VIP'),(960,7,'A',4,'VIP'),(961,7,'A',5,'VIP'),(962,7,'A',6,'VIP'),(963,7,'A',7,'VIP'),(964,7,'A',8,'VIP'),(965,7,'A',9,'VIP'),(966,7,'A',10,'VIP'),(967,7,'A',11,'VIP'),(968,7,'A',12,'VIP'),(969,7,'A',13,'VIP'),(970,7,'A',14,'VIP'),(971,7,'A',15,'VIP'),(972,7,'A',16,'VIP'),(973,7,'A',17,'VIP'),(974,7,'A',18,'VIP'),(975,7,'A',19,'VIP'),(976,7,'A',20,'VIP'),(977,7,'B',1,'VIP'),(978,7,'B',2,'VIP'),(979,7,'B',3,'VIP'),(980,7,'B',4,'VIP'),(981,7,'B',5,'VIP'),(982,7,'B',6,'VIP'),(983,7,'B',7,'VIP'),(984,7,'B',8,'VIP'),(985,7,'B',9,'VIP'),(986,7,'B',10,'VIP'),(987,7,'B',11,'VIP'),(988,7,'B',12,'VIP'),(989,7,'B',13,'VIP'),(990,7,'B',14,'VIP'),(991,7,'B',15,'VIP'),(992,7,'B',16,'VIP'),(993,7,'B',17,'VIP'),(994,7,'B',18,'VIP'),(995,7,'B',19,'VIP'),(996,7,'B',20,'VIP'),(997,7,'C',1,'STANDARD'),(998,7,'C',2,'STANDARD'),(999,7,'C',3,'STANDARD'),(1000,7,'C',4,'STANDARD');
INSERT INTO seat VALUES (1001,7,'C',5,'STANDARD'),(1002,7,'C',6,'STANDARD'),(1003,7,'C',7,'STANDARD'),(1004,7,'C',8,'STANDARD'),(1005,7,'C',9,'STANDARD'),(1006,7,'C',10,'STANDARD'),(1007,7,'C',11,'STANDARD'),(1008,7,'C',12,'STANDARD'),(1009,7,'C',13,'STANDARD'),(1010,7,'C',14,'STANDARD'),(1011,7,'C',15,'STANDARD'),(1012,7,'C',16,'STANDARD'),(1013,7,'C',17,'STANDARD'),(1014,7,'C',18,'STANDARD'),(1015,7,'C',19,'STANDARD'),(1016,7,'C',20,'STANDARD'),(1017,7,'D',1,'STANDARD'),(1018,7,'D',2,'STANDARD'),(1019,7,'D',3,'STANDARD'),(1020,7,'D',4,'STANDARD'),(1021,7,'D',5,'STANDARD'),(1022,7,'D',6,'STANDARD'),(1023,7,'D',7,'STANDARD'),(1024,7,'D',8,'STANDARD'),(1025,7,'D',9,'STANDARD'),(1026,7,'D',10,'STANDARD'),(1027,7,'D',11,'STANDARD'),(1028,7,'D',12,'STANDARD'),(1029,7,'D',13,'STANDARD'),(1030,7,'D',14,'STANDARD'),(1031,7,'D',15,'STANDARD'),(1032,7,'D',16,'STANDARD'),(1033,7,'D',17,'STANDARD'),(1034,7,'D',18,'STANDARD'),(1035,7,'D',19,'STANDARD'),(1036,7,'D',20,'STANDARD'),(1037,7,'E',1,'STANDARD'),(1038,7,'E',2,'STANDARD'),(1039,7,'E',3,'STANDARD'),(1040,7,'E',4,'STANDARD'),(1041,7,'E',5,'STANDARD'),(1042,7,'E',6,'STANDARD'),(1043,7,'E',7,'STANDARD'),(1044,7,'E',8,'STANDARD'),(1045,7,'E',9,'STANDARD'),(1046,7,'E',10,'STANDARD'),(1047,7,'E',11,'STANDARD'),(1048,7,'E',12,'STANDARD'),(1049,7,'E',13,'STANDARD'),(1050,7,'E',14,'STANDARD'),(1051,7,'E',15,'STANDARD'),(1052,7,'E',16,'STANDARD'),(1053,7,'E',17,'STANDARD'),(1054,7,'E',18,'STANDARD'),(1055,7,'E',19,'STANDARD'),(1056,7,'E',20,'STANDARD'),(1057,7,'F',1,'STANDARD'),(1058,7,'F',2,'STANDARD'),(1059,7,'F',3,'STANDARD'),(1060,7,'F',4,'STANDARD'),(1061,7,'F',5,'STANDARD'),(1062,7,'F',6,'STANDARD'),(1063,7,'F',7,'STANDARD'),(1064,7,'F',8,'STANDARD'),(1065,7,'F',9,'STANDARD'),(1066,7,'F',10,'STANDARD'),(1067,7,'F',11,'STANDARD'),(1068,7,'F',12,'STANDARD'),(1069,7,'F',13,'STANDARD'),(1070,7,'F',14,'STANDARD'),(1071,7,'F',15,'STANDARD'),(1072,7,'F',16,'STANDARD'),(1073,7,'F',17,'STANDARD'),(1074,7,'F',18,'STANDARD'),(1075,7,'F',19,'STANDARD'),(1076,7,'F',20,'STANDARD'),(1077,8,'A',1,'VIP'),(1078,8,'A',2,'VIP'),(1079,8,'A',3,'VIP'),(1080,8,'A',4,'VIP'),(1081,8,'A',5,'VIP'),(1082,8,'A',6,'VIP'),(1083,8,'A',7,'VIP'),(1084,8,'A',8,'VIP'),(1085,8,'A',9,'VIP'),(1086,8,'A',10,'VIP'),(1087,8,'A',11,'VIP'),(1088,8,'A',12,'VIP'),(1089,8,'A',13,'VIP'),(1090,8,'A',14,'VIP'),(1091,8,'A',15,'VIP'),(1092,8,'A',16,'VIP'),(1093,8,'A',17,'VIP'),(1094,8,'A',18,'VIP'),(1095,8,'B',1,'VIP'),(1096,8,'B',2,'VIP'),(1097,8,'B',3,'VIP'),(1098,8,'B',4,'VIP'),(1099,8,'B',5,'VIP'),(1100,8,'B',6,'VIP'),(1101,8,'B',7,'VIP'),(1102,8,'B',8,'VIP'),(1103,8,'B',9,'VIP'),(1104,8,'B',10,'VIP'),(1105,8,'B',11,'VIP'),(1106,8,'B',12,'VIP'),(1107,8,'B',13,'VIP'),(1108,8,'B',14,'VIP'),(1109,8,'B',15,'VIP'),(1110,8,'B',16,'VIP'),(1111,8,'B',17,'VIP'),(1112,8,'B',18,'VIP'),(1113,8,'C',1,'STANDARD'),(1114,8,'C',2,'STANDARD'),(1115,8,'C',3,'STANDARD'),(1116,8,'C',4,'STANDARD'),(1117,8,'C',5,'STANDARD'),(1118,8,'C',6,'STANDARD'),(1119,8,'C',7,'STANDARD'),(1120,8,'C',8,'STANDARD'),(1121,8,'C',9,'STANDARD'),(1122,8,'C',10,'STANDARD'),(1123,8,'C',11,'STANDARD'),(1124,8,'C',12,'STANDARD'),(1125,8,'C',13,'STANDARD'),(1126,8,'C',14,'STANDARD'),(1127,8,'C',15,'STANDARD'),(1128,8,'C',16,'STANDARD'),(1129,8,'C',17,'STANDARD'),(1130,8,'C',18,'STANDARD'),(1131,8,'D',1,'STANDARD'),(1132,8,'D',2,'STANDARD'),(1133,8,'D',3,'STANDARD'),(1134,8,'D',4,'STANDARD'),(1135,8,'D',5,'STANDARD'),(1136,8,'D',6,'STANDARD'),(1137,8,'D',7,'STANDARD'),(1138,8,'D',8,'STANDARD'),(1139,8,'D',9,'STANDARD'),(1140,8,'D',10,'STANDARD'),(1141,8,'D',11,'STANDARD'),(1142,8,'D',12,'STANDARD'),(1143,8,'D',13,'STANDARD'),(1144,8,'D',14,'STANDARD'),(1145,8,'D',15,'STANDARD'),(1146,8,'D',16,'STANDARD'),(1147,8,'D',17,'STANDARD'),(1148,8,'D',18,'STANDARD'),(1149,8,'E',1,'STANDARD'),(1150,8,'E',2,'STANDARD'),(1151,8,'E',3,'STANDARD'),(1152,8,'E',4,'STANDARD'),(1153,8,'E',5,'STANDARD'),(1154,8,'E',6,'STANDARD'),(1155,8,'E',7,'STANDARD'),(1156,8,'E',8,'STANDARD'),(1157,8,'E',9,'STANDARD'),(1158,8,'E',10,'STANDARD'),(1159,8,'E',11,'STANDARD'),(1160,8,'E',12,'STANDARD'),(1161,8,'E',13,'STANDARD'),(1162,8,'E',14,'STANDARD'),(1163,8,'E',15,'STANDARD'),(1164,8,'E',16,'STANDARD'),(1165,8,'E',17,'STANDARD'),(1166,8,'E',18,'STANDARD'),(1167,8,'F',1,'STANDARD'),(1168,8,'F',2,'STANDARD'),(1169,8,'F',3,'STANDARD'),(1170,8,'F',4,'STANDARD'),(1171,8,'F',5,'STANDARD'),(1172,8,'F',6,'STANDARD'),(1173,8,'F',7,'STANDARD'),(1174,8,'F',8,'STANDARD'),(1175,8,'F',9,'STANDARD'),(1176,8,'F',10,'STANDARD'),(1177,8,'F',11,'STANDARD'),(1178,8,'F',12,'STANDARD'),(1179,8,'F',13,'STANDARD'),(1180,8,'F',14,'STANDARD'),(1181,8,'F',15,'STANDARD'),(1182,8,'F',16,'STANDARD'),(1183,8,'F',17,'STANDARD'),(1184,8,'F',18,'STANDARD'),(1185,9,'A',1,'VIP'),(1186,9,'A',2,'VIP'),(1187,9,'A',3,'VIP'),(1188,9,'A',4,'VIP'),(1189,9,'A',5,'VIP'),(1190,9,'A',6,'VIP'),(1191,9,'A',7,'VIP'),(1192,9,'A',8,'VIP'),(1193,9,'A',9,'VIP'),(1194,9,'A',10,'VIP'),(1195,9,'A',11,'VIP'),(1196,9,'A',12,'VIP'),(1197,9,'A',13,'VIP'),(1198,9,'A',14,'VIP'),(1199,9,'A',15,'VIP'),(1200,9,'A',16,'VIP');
INSERT INTO seat VALUES (1201,9,'A',17,'VIP'),(1202,9,'A',18,'VIP'),(1203,9,'A',19,'VIP'),(1204,9,'A',20,'VIP'),(1205,9,'B',1,'STANDARD'),(1206,9,'B',2,'STANDARD'),(1207,9,'B',3,'STANDARD'),(1208,9,'B',4,'STANDARD'),(1209,9,'B',5,'STANDARD'),(1210,9,'B',6,'STANDARD'),(1211,9,'B',7,'STANDARD'),(1212,9,'B',8,'STANDARD'),(1213,9,'B',9,'STANDARD'),(1214,9,'B',10,'STANDARD'),(1215,9,'B',11,'STANDARD'),(1216,9,'B',12,'STANDARD'),(1217,9,'B',13,'STANDARD'),(1218,9,'B',14,'STANDARD'),(1219,9,'B',15,'STANDARD'),(1220,9,'B',16,'STANDARD'),(1221,9,'B',17,'STANDARD'),(1222,9,'B',18,'STANDARD'),(1223,9,'B',19,'STANDARD'),(1224,9,'B',20,'STANDARD'),(1225,9,'C',1,'STANDARD'),(1226,9,'C',2,'STANDARD'),(1227,9,'C',3,'STANDARD'),(1228,9,'C',4,'STANDARD'),(1229,9,'C',5,'STANDARD'),(1230,9,'C',6,'STANDARD'),(1231,9,'C',7,'STANDARD'),(1232,9,'C',8,'STANDARD'),(1233,9,'C',9,'STANDARD'),(1234,9,'C',10,'STANDARD'),(1235,9,'C',11,'STANDARD'),(1236,9,'C',12,'STANDARD'),(1237,9,'C',13,'STANDARD'),(1238,9,'C',14,'STANDARD'),(1239,9,'C',15,'STANDARD'),(1240,9,'C',16,'STANDARD'),(1241,9,'C',17,'STANDARD'),(1242,9,'C',18,'STANDARD'),(1243,9,'C',19,'STANDARD'),(1244,9,'C',20,'STANDARD'),(1245,9,'D',1,'STANDARD'),(1246,9,'D',2,'STANDARD'),(1247,9,'D',3,'STANDARD'),(1248,9,'D',4,'STANDARD'),(1249,9,'D',5,'STANDARD'),(1250,9,'D',6,'STANDARD'),(1251,9,'D',7,'STANDARD'),(1252,9,'D',8,'STANDARD'),(1253,9,'D',9,'STANDARD'),(1254,9,'D',10,'STANDARD'),(1255,9,'D',11,'STANDARD'),(1256,9,'D',12,'STANDARD'),(1257,9,'D',13,'STANDARD'),(1258,9,'D',14,'STANDARD'),(1259,9,'D',15,'STANDARD'),(1260,9,'D',16,'STANDARD'),(1261,9,'D',17,'STANDARD'),(1262,9,'D',18,'STANDARD'),(1263,9,'D',19,'STANDARD'),(1264,9,'D',20,'STANDARD'),(1265,9,'E',1,'STANDARD'),(1266,9,'E',2,'STANDARD'),(1267,9,'E',3,'STANDARD'),(1268,9,'E',4,'STANDARD'),(1269,9,'E',5,'STANDARD'),(1270,9,'E',6,'STANDARD'),(1271,9,'E',7,'STANDARD'),(1272,9,'E',8,'STANDARD'),(1273,9,'E',9,'STANDARD'),(1274,9,'E',10,'STANDARD'),(1275,9,'E',11,'STANDARD'),(1276,9,'E',12,'STANDARD'),(1277,9,'E',13,'STANDARD'),(1278,9,'E',14,'STANDARD'),(1279,9,'E',15,'STANDARD'),(1280,9,'E',16,'STANDARD'),(1281,9,'E',17,'STANDARD'),(1282,9,'E',18,'STANDARD'),(1283,9,'E',19,'STANDARD'),(1284,9,'E',20,'STANDARD'),(1285,9,'F',1,'STANDARD'),(1286,9,'F',2,'STANDARD'),(1287,9,'F',3,'STANDARD'),(1288,9,'F',4,'STANDARD'),(1289,9,'F',5,'STANDARD'),(1290,9,'F',6,'STANDARD'),(1291,9,'F',7,'STANDARD'),(1292,9,'F',8,'STANDARD'),(1293,9,'F',9,'STANDARD'),(1294,9,'F',10,'STANDARD'),(1295,9,'F',11,'STANDARD'),(1296,9,'F',12,'STANDARD'),(1297,9,'F',13,'STANDARD'),(1298,9,'F',14,'STANDARD'),(1299,9,'F',15,'STANDARD'),(1300,9,'F',16,'STANDARD'),(1301,9,'F',17,'STANDARD'),(1302,9,'F',18,'STANDARD'),(1303,9,'F',19,'STANDARD'),(1304,9,'F',20,'STANDARD'),(1305,9,'G',1,'STANDARD'),(1306,9,'G',2,'STANDARD'),(1307,9,'G',3,'STANDARD'),(1308,9,'G',4,'STANDARD'),(1309,9,'G',5,'STANDARD'),(1310,9,'G',6,'STANDARD'),(1311,9,'G',7,'STANDARD'),(1312,9,'G',8,'STANDARD'),(1313,9,'G',9,'STANDARD'),(1314,9,'G',10,'STANDARD'),(1315,9,'G',11,'STANDARD'),(1316,9,'G',12,'STANDARD'),(1317,9,'G',13,'STANDARD'),(1318,9,'G',14,'STANDARD'),(1319,9,'G',15,'STANDARD'),(1320,9,'G',16,'STANDARD'),(1321,9,'G',17,'STANDARD'),(1322,9,'G',18,'STANDARD'),(1323,9,'G',19,'STANDARD'),(1324,9,'G',20,'STANDARD'),(1325,9,'H',1,'STANDARD'),(1326,9,'H',2,'STANDARD'),(1327,9,'H',3,'STANDARD'),(1328,9,'H',4,'STANDARD'),(1329,9,'H',5,'STANDARD'),(1330,9,'H',6,'STANDARD'),(1331,9,'H',7,'STANDARD'),(1332,9,'H',8,'STANDARD'),(1333,9,'H',9,'STANDARD'),(1334,9,'H',10,'STANDARD'),(1335,9,'H',11,'STANDARD'),(1336,9,'H',12,'STANDARD'),(1337,9,'H',13,'STANDARD'),(1338,9,'H',14,'STANDARD'),(1339,9,'H',15,'STANDARD'),(1340,9,'H',16,'STANDARD'),(1341,9,'H',17,'STANDARD'),(1342,9,'H',18,'STANDARD'),(1343,9,'H',19,'STANDARD'),(1344,9,'H',20,'STANDARD'),(1345,9,'I',1,'STANDARD'),(1346,9,'I',2,'STANDARD'),(1347,9,'I',3,'STANDARD'),(1348,9,'I',4,'STANDARD'),(1349,9,'I',5,'STANDARD'),(1350,9,'I',6,'STANDARD'),(1351,9,'I',7,'STANDARD'),(1352,9,'I',8,'STANDARD'),(1353,9,'I',9,'STANDARD'),(1354,9,'I',10,'STANDARD'),(1355,9,'I',11,'STANDARD'),(1356,9,'I',12,'STANDARD'),(1357,9,'I',13,'STANDARD'),(1358,9,'I',14,'STANDARD'),(1359,9,'I',15,'STANDARD'),(1360,9,'I',16,'STANDARD'),(1361,9,'I',17,'STANDARD'),(1362,9,'I',18,'STANDARD'),(1363,9,'I',19,'STANDARD'),(1364,9,'I',20,'STANDARD'),(1365,10,'A',1,'VIP'),(1366,10,'A',2,'VIP'),(1367,10,'A',3,'VIP'),(1368,10,'A',4,'VIP'),(1369,10,'A',5,'VIP'),(1370,10,'A',6,'VIP'),(1371,10,'A',7,'VIP'),(1372,10,'A',8,'VIP'),(1373,10,'A',9,'VIP'),(1374,10,'A',10,'VIP'),(1375,10,'A',11,'VIP'),(1376,10,'A',12,'VIP'),(1377,10,'A',13,'VIP'),(1378,10,'A',14,'VIP'),(1379,10,'A',15,'VIP'),(1380,10,'A',16,'VIP'),(1381,10,'A',17,'VIP'),(1382,10,'A',18,'VIP'),(1383,10,'A',19,'VIP'),(1384,10,'B',1,'STANDARD'),(1385,10,'B',2,'STANDARD'),(1386,10,'B',3,'STANDARD'),(1387,10,'B',4,'STANDARD'),(1388,10,'B',5,'STANDARD'),(1389,10,'B',6,'STANDARD'),(1390,10,'B',7,'STANDARD'),(1391,10,'B',8,'STANDARD'),(1392,10,'B',9,'STANDARD'),(1393,10,'B',10,'STANDARD'),(1394,10,'B',11,'STANDARD'),(1395,10,'B',12,'STANDARD'),(1396,10,'B',13,'STANDARD'),(1397,10,'B',14,'STANDARD'),(1398,10,'B',15,'STANDARD'),(1399,10,'B',16,'STANDARD'),(1400,10,'B',17,'STANDARD');
INSERT INTO seat VALUES (1401,10,'B',18,'STANDARD'),(1402,10,'B',19,'STANDARD'),(1403,10,'C',1,'STANDARD'),(1404,10,'C',2,'STANDARD'),(1405,10,'C',3,'STANDARD'),(1406,10,'C',4,'STANDARD'),(1407,10,'C',5,'STANDARD'),(1408,10,'C',6,'STANDARD'),(1409,10,'C',7,'STANDARD'),(1410,10,'C',8,'STANDARD'),(1411,10,'C',9,'STANDARD'),(1412,10,'C',10,'STANDARD'),(1413,10,'C',11,'STANDARD'),(1414,10,'C',12,'STANDARD'),(1415,10,'C',13,'STANDARD'),(1416,10,'C',14,'STANDARD'),(1417,10,'C',15,'STANDARD'),(1418,10,'C',16,'STANDARD'),(1419,10,'C',17,'STANDARD'),(1420,10,'C',18,'STANDARD'),(1421,10,'C',19,'STANDARD'),(1422,10,'D',1,'STANDARD'),(1423,10,'D',2,'STANDARD'),(1424,10,'D',3,'STANDARD'),(1425,10,'D',4,'STANDARD'),(1426,10,'D',5,'STANDARD'),(1427,10,'D',6,'STANDARD'),(1428,10,'D',7,'STANDARD'),(1429,10,'D',8,'STANDARD'),(1430,10,'D',9,'STANDARD'),(1431,10,'D',10,'STANDARD'),(1432,10,'D',11,'STANDARD'),(1433,10,'D',12,'STANDARD'),(1434,10,'D',13,'STANDARD'),(1435,10,'D',14,'STANDARD'),(1436,10,'D',15,'STANDARD'),(1437,10,'D',16,'STANDARD'),(1438,10,'D',17,'STANDARD'),(1439,10,'D',18,'STANDARD'),(1440,10,'D',19,'STANDARD'),(1441,10,'E',1,'STANDARD'),(1442,10,'E',2,'STANDARD'),(1443,10,'E',3,'STANDARD'),(1444,10,'E',4,'STANDARD'),(1445,10,'E',5,'STANDARD'),(1446,10,'E',6,'STANDARD'),(1447,10,'E',7,'STANDARD'),(1448,10,'E',8,'STANDARD'),(1449,10,'E',9,'STANDARD'),(1450,10,'E',10,'STANDARD'),(1451,10,'E',11,'STANDARD'),(1452,10,'E',12,'STANDARD'),(1453,10,'E',13,'STANDARD'),(1454,10,'E',14,'STANDARD'),(1455,10,'E',15,'STANDARD'),(1456,10,'E',16,'STANDARD'),(1457,10,'E',17,'STANDARD'),(1458,10,'E',18,'STANDARD'),(1459,10,'E',19,'STANDARD'),(1460,10,'F',1,'STANDARD'),(1461,10,'F',2,'STANDARD'),(1462,10,'F',3,'STANDARD'),(1463,10,'F',4,'STANDARD'),(1464,10,'F',5,'STANDARD'),(1465,10,'F',6,'STANDARD'),(1466,10,'F',7,'STANDARD'),(1467,10,'F',8,'STANDARD'),(1468,10,'F',9,'STANDARD'),(1469,10,'F',10,'STANDARD'),(1470,10,'F',11,'STANDARD'),(1471,10,'F',12,'STANDARD'),(1472,10,'F',13,'STANDARD'),(1473,10,'F',14,'STANDARD'),(1474,10,'F',15,'STANDARD'),(1475,10,'F',16,'STANDARD'),(1476,10,'F',17,'STANDARD'),(1477,10,'F',18,'STANDARD'),(1478,10,'F',19,'STANDARD'),(1479,10,'G',1,'STANDARD'),(1480,10,'G',2,'STANDARD'),(1481,10,'G',3,'STANDARD'),(1482,10,'G',4,'STANDARD'),(1483,10,'G',5,'STANDARD'),(1484,10,'G',6,'STANDARD'),(1485,10,'G',7,'STANDARD'),(1486,10,'G',8,'STANDARD'),(1487,10,'G',9,'STANDARD'),(1488,10,'G',10,'STANDARD'),(1489,10,'G',11,'STANDARD'),(1490,10,'G',12,'STANDARD'),(1491,10,'G',13,'STANDARD'),(1492,10,'G',14,'STANDARD'),(1493,10,'G',15,'STANDARD'),(1494,10,'G',16,'STANDARD'),(1495,10,'G',17,'STANDARD'),(1496,10,'G',18,'STANDARD'),(1497,10,'G',19,'STANDARD'),(1498,10,'H',1,'STANDARD'),(1499,10,'H',2,'STANDARD'),(1500,10,'H',3,'STANDARD'),(1501,10,'H',4,'STANDARD'),(1502,10,'H',5,'STANDARD'),(1503,10,'H',6,'STANDARD'),(1504,10,'H',7,'STANDARD'),(1505,10,'H',8,'STANDARD'),(1506,10,'H',9,'STANDARD'),(1507,10,'H',10,'STANDARD'),(1508,10,'H',11,'STANDARD'),(1509,10,'H',12,'STANDARD'),(1510,10,'H',13,'STANDARD'),(1511,10,'H',14,'STANDARD'),(1512,10,'H',15,'STANDARD'),(1513,10,'H',16,'STANDARD'),(1514,10,'H',17,'STANDARD'),(1515,10,'H',18,'STANDARD'),(1516,10,'H',19,'STANDARD'),(1517,10,'I',1,'STANDARD'),(1518,10,'I',2,'STANDARD'),(1519,10,'I',3,'STANDARD'),(1520,10,'I',4,'STANDARD'),(1521,10,'I',5,'STANDARD'),(1522,10,'I',6,'STANDARD'),(1523,10,'I',7,'STANDARD'),(1524,10,'I',8,'STANDARD'),(1525,10,'I',9,'STANDARD'),(1526,10,'I',10,'STANDARD'),(1527,10,'I',11,'STANDARD'),(1528,10,'I',12,'STANDARD'),(1529,10,'I',13,'STANDARD'),(1530,10,'I',14,'STANDARD'),(1531,10,'I',15,'STANDARD'),(1532,10,'I',16,'STANDARD'),(1533,10,'I',17,'STANDARD'),(1534,10,'I',18,'STANDARD'),(1535,10,'I',19,'STANDARD'),(1536,11,'A',1,'VIP'),(1537,11,'A',2,'VIP'),(1538,11,'A',3,'VIP'),(1539,11,'A',4,'VIP'),(1540,11,'A',5,'VIP'),(1541,11,'A',6,'VIP'),(1542,11,'A',7,'VIP'),(1543,11,'A',8,'VIP'),(1544,11,'A',9,'VIP'),(1545,11,'A',10,'VIP'),(1546,11,'A',11,'VIP'),(1547,11,'A',12,'VIP'),(1548,11,'A',13,'VIP'),(1549,11,'A',14,'VIP'),(1550,11,'A',15,'VIP'),(1551,11,'A',16,'VIP'),(1552,11,'A',17,'VIP'),(1553,11,'A',18,'VIP'),(1554,11,'A',19,'VIP'),(1555,11,'A',20,'VIP'),(1556,11,'B',1,'STANDARD'),(1557,11,'B',2,'STANDARD'),(1558,11,'B',3,'STANDARD'),(1559,11,'B',4,'STANDARD'),(1560,11,'B',5,'STANDARD'),(1561,11,'B',6,'STANDARD'),(1562,11,'B',7,'STANDARD'),(1563,11,'B',8,'STANDARD'),(1564,11,'B',9,'STANDARD'),(1565,11,'B',10,'STANDARD'),(1566,11,'B',11,'STANDARD'),(1567,11,'B',12,'STANDARD'),(1568,11,'B',13,'STANDARD'),(1569,11,'B',14,'STANDARD'),(1570,11,'B',15,'STANDARD'),(1571,11,'B',16,'STANDARD'),(1572,11,'B',17,'STANDARD'),(1573,11,'B',18,'STANDARD'),(1574,11,'B',19,'STANDARD'),(1575,11,'B',20,'STANDARD'),(1576,11,'C',1,'STANDARD'),(1577,11,'C',2,'STANDARD'),(1578,11,'C',3,'STANDARD'),(1579,11,'C',4,'STANDARD'),(1580,11,'C',5,'STANDARD'),(1581,11,'C',6,'STANDARD'),(1582,11,'C',7,'STANDARD'),(1583,11,'C',8,'STANDARD'),(1584,11,'C',9,'STANDARD'),(1585,11,'C',10,'STANDARD'),(1586,11,'C',11,'STANDARD'),(1587,11,'C',12,'STANDARD'),(1588,11,'C',13,'STANDARD'),(1589,11,'C',14,'STANDARD'),(1590,11,'C',15,'STANDARD'),(1591,11,'C',16,'STANDARD'),(1592,11,'C',17,'STANDARD'),(1593,11,'C',18,'STANDARD'),(1594,11,'C',19,'STANDARD'),(1595,11,'C',20,'STANDARD'),(1596,11,'D',1,'STANDARD'),(1597,11,'D',2,'STANDARD'),(1598,11,'D',3,'STANDARD'),(1599,11,'D',4,'STANDARD'),(1600,11,'D',5,'STANDARD');
INSERT INTO seat VALUES (1601,11,'D',6,'STANDARD'),(1602,11,'D',7,'STANDARD'),(1603,11,'D',8,'STANDARD'),(1604,11,'D',9,'STANDARD'),(1605,11,'D',10,'STANDARD'),(1606,11,'D',11,'STANDARD'),(1607,11,'D',12,'STANDARD'),(1608,11,'D',13,'STANDARD'),(1609,11,'D',14,'STANDARD'),(1610,11,'D',15,'STANDARD'),(1611,11,'D',16,'STANDARD'),(1612,11,'D',17,'STANDARD'),(1613,11,'D',18,'STANDARD'),(1614,11,'D',19,'STANDARD'),(1615,11,'D',20,'STANDARD'),(1616,11,'E',1,'STANDARD'),(1617,11,'E',2,'STANDARD'),(1618,11,'E',3,'STANDARD'),(1619,11,'E',4,'STANDARD'),(1620,11,'E',5,'STANDARD'),(1621,11,'E',6,'STANDARD'),(1622,11,'E',7,'STANDARD'),(1623,11,'E',8,'STANDARD'),(1624,11,'E',9,'STANDARD'),(1625,11,'E',10,'STANDARD'),(1626,11,'E',11,'STANDARD'),(1627,11,'E',12,'STANDARD'),(1628,11,'E',13,'STANDARD'),(1629,11,'E',14,'STANDARD'),(1630,11,'E',15,'STANDARD'),(1631,11,'E',16,'STANDARD'),(1632,11,'E',17,'STANDARD'),(1633,11,'E',18,'STANDARD'),(1634,11,'E',19,'STANDARD'),(1635,11,'E',20,'STANDARD'),(1636,11,'F',1,'STANDARD'),(1637,11,'F',2,'STANDARD'),(1638,11,'F',3,'STANDARD'),(1639,11,'F',4,'STANDARD'),(1640,11,'F',5,'STANDARD'),(1641,11,'F',6,'STANDARD'),(1642,11,'F',7,'STANDARD'),(1643,11,'F',8,'STANDARD'),(1644,11,'F',9,'STANDARD'),(1645,11,'F',10,'STANDARD'),(1646,11,'F',11,'STANDARD'),(1647,11,'F',12,'STANDARD'),(1648,11,'F',13,'STANDARD'),(1649,11,'F',14,'STANDARD'),(1650,11,'F',15,'STANDARD'),(1651,11,'F',16,'STANDARD'),(1652,11,'F',17,'STANDARD'),(1653,11,'F',18,'STANDARD'),(1654,11,'F',19,'STANDARD'),(1655,11,'F',20,'STANDARD'),(1656,11,'G',1,'STANDARD'),(1657,11,'G',2,'STANDARD'),(1658,11,'G',3,'STANDARD'),(1659,11,'G',4,'STANDARD'),(1660,11,'G',5,'STANDARD'),(1661,11,'G',6,'STANDARD'),(1662,11,'G',7,'STANDARD'),(1663,11,'G',8,'STANDARD'),(1664,11,'G',9,'STANDARD'),(1665,11,'G',10,'STANDARD'),(1666,11,'G',11,'STANDARD'),(1667,11,'G',12,'STANDARD'),(1668,11,'G',13,'STANDARD'),(1669,11,'G',14,'STANDARD'),(1670,11,'G',15,'STANDARD'),(1671,11,'G',16,'STANDARD'),(1672,11,'G',17,'STANDARD'),(1673,11,'G',18,'STANDARD'),(1674,11,'G',19,'STANDARD'),(1675,11,'G',20,'STANDARD'),(1676,11,'H',1,'STANDARD'),(1677,11,'H',2,'STANDARD'),(1678,11,'H',3,'STANDARD'),(1679,11,'H',4,'STANDARD'),(1680,11,'H',5,'STANDARD'),(1681,11,'H',6,'STANDARD'),(1682,11,'H',7,'STANDARD'),(1683,11,'H',8,'STANDARD'),(1684,11,'H',9,'STANDARD'),(1685,11,'H',10,'STANDARD'),(1686,11,'H',11,'STANDARD'),(1687,11,'H',12,'STANDARD'),(1688,11,'H',13,'STANDARD'),(1689,11,'H',14,'STANDARD'),(1690,11,'H',15,'STANDARD'),(1691,11,'H',16,'STANDARD'),(1692,11,'H',17,'STANDARD'),(1693,11,'H',18,'STANDARD'),(1694,11,'H',19,'STANDARD'),(1695,11,'H',20,'STANDARD'),(1696,12,'A',1,'VIP'),(1697,12,'A',2,'VIP'),(1698,12,'A',3,'VIP'),(1699,12,'A',4,'VIP'),(1700,12,'A',5,'VIP'),(1701,12,'A',6,'VIP'),(1702,12,'A',7,'VIP'),(1703,12,'A',8,'VIP'),(1704,12,'A',9,'VIP'),(1705,12,'A',10,'VIP'),(1706,12,'A',11,'VIP'),(1707,12,'A',12,'VIP'),(1708,12,'A',13,'VIP'),(1709,12,'A',14,'VIP'),(1710,12,'A',15,'VIP'),(1711,12,'A',16,'VIP'),(1712,12,'A',17,'VIP'),(1713,12,'A',18,'VIP'),(1714,12,'B',1,'STANDARD'),(1715,12,'B',2,'STANDARD'),(1716,12,'B',3,'STANDARD'),(1717,12,'B',4,'STANDARD'),(1718,12,'B',5,'STANDARD'),(1719,12,'B',6,'STANDARD'),(1720,12,'B',7,'STANDARD'),(1721,12,'B',8,'STANDARD'),(1722,12,'B',9,'STANDARD'),(1723,12,'B',10,'STANDARD'),(1724,12,'B',11,'STANDARD'),(1725,12,'B',12,'STANDARD'),(1726,12,'B',13,'STANDARD'),(1727,12,'B',14,'STANDARD'),(1728,12,'B',15,'STANDARD'),(1729,12,'B',16,'STANDARD'),(1730,12,'B',17,'STANDARD'),(1731,12,'B',18,'STANDARD'),(1732,12,'C',1,'STANDARD'),(1733,12,'C',2,'STANDARD'),(1734,12,'C',3,'STANDARD'),(1735,12,'C',4,'STANDARD'),(1736,12,'C',5,'STANDARD'),(1737,12,'C',6,'STANDARD'),(1738,12,'C',7,'STANDARD'),(1739,12,'C',8,'STANDARD'),(1740,12,'C',9,'STANDARD'),(1741,12,'C',10,'STANDARD'),(1742,12,'C',11,'STANDARD'),(1743,12,'C',12,'STANDARD'),(1744,12,'C',13,'STANDARD'),(1745,12,'C',14,'STANDARD'),(1746,12,'C',15,'STANDARD'),(1747,12,'C',16,'STANDARD'),(1748,12,'C',17,'STANDARD'),(1749,12,'C',18,'STANDARD'),(1750,12,'D',1,'STANDARD'),(1751,12,'D',2,'STANDARD'),(1752,12,'D',3,'STANDARD'),(1753,12,'D',4,'STANDARD'),(1754,12,'D',5,'STANDARD'),(1755,12,'D',6,'STANDARD'),(1756,12,'D',7,'STANDARD'),(1757,12,'D',8,'STANDARD'),(1758,12,'D',9,'STANDARD'),(1759,12,'D',10,'STANDARD'),(1760,12,'D',11,'STANDARD'),(1761,12,'D',12,'STANDARD'),(1762,12,'D',13,'STANDARD'),(1763,12,'D',14,'STANDARD'),(1764,12,'D',15,'STANDARD'),(1765,12,'D',16,'STANDARD'),(1766,12,'D',17,'STANDARD'),(1767,12,'D',18,'STANDARD'),(1768,12,'E',1,'STANDARD'),(1769,12,'E',2,'STANDARD'),(1770,12,'E',3,'STANDARD'),(1771,12,'E',4,'STANDARD'),(1772,12,'E',5,'STANDARD'),(1773,12,'E',6,'STANDARD'),(1774,12,'E',7,'STANDARD'),(1775,12,'E',8,'STANDARD'),(1776,12,'E',9,'STANDARD'),(1777,12,'E',10,'STANDARD'),(1778,12,'E',11,'STANDARD'),(1779,12,'E',12,'STANDARD'),(1780,12,'E',13,'STANDARD'),(1781,12,'E',14,'STANDARD'),(1782,12,'E',15,'STANDARD'),(1783,12,'E',16,'STANDARD'),(1784,12,'E',17,'STANDARD'),(1785,12,'E',18,'STANDARD'),(1786,12,'F',1,'STANDARD'),(1787,12,'F',2,'STANDARD'),(1788,12,'F',3,'STANDARD'),(1789,12,'F',4,'STANDARD'),(1790,12,'F',5,'STANDARD'),(1791,12,'F',6,'STANDARD'),(1792,12,'F',7,'STANDARD'),(1793,12,'F',8,'STANDARD'),(1794,12,'F',9,'STANDARD'),(1795,12,'F',10,'STANDARD'),(1796,12,'F',11,'STANDARD'),(1797,12,'F',12,'STANDARD'),(1798,12,'F',13,'STANDARD'),(1799,12,'F',14,'STANDARD'),(1800,12,'F',15,'STANDARD');
INSERT INTO seat VALUES (1801,12,'F',16,'STANDARD'),(1802,12,'F',17,'STANDARD'),(1803,12,'F',18,'STANDARD'),(1804,12,'G',1,'STANDARD'),(1805,12,'G',2,'STANDARD'),(1806,12,'G',3,'STANDARD'),(1807,12,'G',4,'STANDARD'),(1808,12,'G',5,'STANDARD'),(1809,12,'G',6,'STANDARD'),(1810,12,'G',7,'STANDARD'),(1811,12,'G',8,'STANDARD'),(1812,12,'G',9,'STANDARD'),(1813,12,'G',10,'STANDARD'),(1814,12,'G',11,'STANDARD'),(1815,12,'G',12,'STANDARD'),(1816,12,'G',13,'STANDARD'),(1817,12,'G',14,'STANDARD'),(1818,12,'G',15,'STANDARD'),(1819,12,'G',16,'STANDARD'),(1820,12,'G',17,'STANDARD'),(1821,12,'G',18,'STANDARD'),(1822,12,'H',1,'STANDARD'),(1823,12,'H',2,'STANDARD'),(1824,12,'H',3,'STANDARD'),(1825,12,'H',4,'STANDARD'),(1826,12,'H',5,'STANDARD'),(1827,12,'H',6,'STANDARD'),(1828,12,'H',7,'STANDARD'),(1829,12,'H',8,'STANDARD'),(1830,12,'H',9,'STANDARD'),(1831,12,'H',10,'STANDARD'),(1832,12,'H',11,'STANDARD'),(1833,12,'H',12,'STANDARD'),(1834,12,'H',13,'STANDARD'),(1835,12,'H',14,'STANDARD'),(1836,12,'H',15,'STANDARD'),(1837,12,'H',16,'STANDARD'),(1838,12,'H',17,'STANDARD'),(1839,12,'H',18,'STANDARD'),(1840,13,'A',1,'VIP'),(1841,13,'A',2,'VIP'),(1842,13,'A',3,'VIP'),(1843,13,'A',4,'VIP'),(1844,13,'A',5,'VIP'),(1845,13,'A',6,'VIP'),(1846,13,'A',7,'VIP'),(1847,13,'A',8,'VIP'),(1848,13,'A',9,'VIP'),(1849,13,'A',10,'VIP'),(1850,13,'A',11,'VIP'),(1851,13,'A',12,'VIP'),(1852,13,'A',13,'VIP'),(1853,13,'A',14,'VIP'),(1854,13,'A',15,'VIP'),(1855,13,'A',16,'VIP'),(1856,13,'A',17,'VIP'),(1857,13,'A',18,'VIP'),(1858,13,'A',19,'VIP'),(1859,13,'A',20,'VIP'),(1860,13,'B',1,'STANDARD'),(1861,13,'B',2,'STANDARD'),(1862,13,'B',3,'STANDARD'),(1863,13,'B',4,'STANDARD'),(1864,13,'B',5,'STANDARD'),(1865,13,'B',6,'STANDARD'),(1866,13,'B',7,'STANDARD'),(1867,13,'B',8,'STANDARD'),(1868,13,'B',9,'STANDARD'),(1869,13,'B',10,'STANDARD'),(1870,13,'B',11,'STANDARD'),(1871,13,'B',12,'STANDARD'),(1872,13,'B',13,'STANDARD'),(1873,13,'B',14,'STANDARD'),(1874,13,'B',15,'STANDARD'),(1875,13,'B',16,'STANDARD'),(1876,13,'B',17,'STANDARD'),(1877,13,'B',18,'STANDARD'),(1878,13,'B',19,'STANDARD'),(1879,13,'B',20,'STANDARD'),(1880,13,'C',1,'STANDARD'),(1881,13,'C',2,'STANDARD'),(1882,13,'C',3,'STANDARD'),(1883,13,'C',4,'STANDARD'),(1884,13,'C',5,'STANDARD'),(1885,13,'C',6,'STANDARD'),(1886,13,'C',7,'STANDARD'),(1887,13,'C',8,'STANDARD'),(1888,13,'C',9,'STANDARD'),(1889,13,'C',10,'STANDARD'),(1890,13,'C',11,'STANDARD'),(1891,13,'C',12,'STANDARD'),(1892,13,'C',13,'STANDARD'),(1893,13,'C',14,'STANDARD'),(1894,13,'C',15,'STANDARD'),(1895,13,'C',16,'STANDARD'),(1896,13,'C',17,'STANDARD'),(1897,13,'C',18,'STANDARD'),(1898,13,'C',19,'STANDARD'),(1899,13,'C',20,'STANDARD'),(1900,13,'D',1,'STANDARD'),(1901,13,'D',2,'STANDARD'),(1902,13,'D',3,'STANDARD'),(1903,13,'D',4,'STANDARD'),(1904,13,'D',5,'STANDARD'),(1905,13,'D',6,'STANDARD'),(1906,13,'D',7,'STANDARD'),(1907,13,'D',8,'STANDARD'),(1908,13,'D',9,'STANDARD'),(1909,13,'D',10,'STANDARD'),(1910,13,'D',11,'STANDARD'),(1911,13,'D',12,'STANDARD'),(1912,13,'D',13,'STANDARD'),(1913,13,'D',14,'STANDARD'),(1914,13,'D',15,'STANDARD'),(1915,13,'D',16,'STANDARD'),(1916,13,'D',17,'STANDARD'),(1917,13,'D',18,'STANDARD'),(1918,13,'D',19,'STANDARD'),(1919,13,'D',20,'STANDARD'),(1920,13,'E',1,'STANDARD'),(1921,13,'E',2,'STANDARD'),(1922,13,'E',3,'STANDARD'),(1923,13,'E',4,'STANDARD'),(1924,13,'E',5,'STANDARD'),(1925,13,'E',6,'STANDARD'),(1926,13,'E',7,'STANDARD'),(1927,13,'E',8,'STANDARD'),(1928,13,'E',9,'STANDARD'),(1929,13,'E',10,'STANDARD'),(1930,13,'E',11,'STANDARD'),(1931,13,'E',12,'STANDARD'),(1932,13,'E',13,'STANDARD'),(1933,13,'E',14,'STANDARD'),(1934,13,'E',15,'STANDARD'),(1935,13,'E',16,'STANDARD'),(1936,13,'E',17,'STANDARD'),(1937,13,'E',18,'STANDARD'),(1938,13,'E',19,'STANDARD'),(1939,13,'E',20,'STANDARD'),(1940,13,'F',1,'STANDARD'),(1941,13,'F',2,'STANDARD'),(1942,13,'F',3,'STANDARD'),(1943,13,'F',4,'STANDARD'),(1944,13,'F',5,'STANDARD'),(1945,13,'F',6,'STANDARD'),(1946,13,'F',7,'STANDARD'),(1947,13,'F',8,'STANDARD'),(1948,13,'F',9,'STANDARD'),(1949,13,'F',10,'STANDARD'),(1950,13,'F',11,'STANDARD'),(1951,13,'F',12,'STANDARD'),(1952,13,'F',13,'STANDARD'),(1953,13,'F',14,'STANDARD'),(1954,13,'F',15,'STANDARD'),(1955,13,'F',16,'STANDARD'),(1956,13,'F',17,'STANDARD'),(1957,13,'F',18,'STANDARD'),(1958,13,'F',19,'STANDARD'),(1959,13,'F',20,'STANDARD'),(1960,13,'G',1,'STANDARD'),(1961,13,'G',2,'STANDARD'),(1962,13,'G',3,'STANDARD'),(1963,13,'G',4,'STANDARD'),(1964,13,'G',5,'STANDARD'),(1965,13,'G',6,'STANDARD'),(1966,13,'G',7,'STANDARD'),(1967,13,'G',8,'STANDARD'),(1968,13,'G',9,'STANDARD'),(1969,13,'G',10,'STANDARD'),(1970,13,'G',11,'STANDARD'),(1971,13,'G',12,'STANDARD'),(1972,13,'G',13,'STANDARD'),(1973,13,'G',14,'STANDARD'),(1974,13,'G',15,'STANDARD'),(1975,13,'G',16,'STANDARD'),(1976,13,'G',17,'STANDARD'),(1977,13,'G',18,'STANDARD'),(1978,13,'G',19,'STANDARD'),(1979,13,'G',20,'STANDARD'),(1980,14,'A',1,'VIP'),(1981,14,'A',2,'VIP'),(1982,14,'A',3,'VIP'),(1983,14,'A',4,'VIP'),(1984,14,'A',5,'VIP'),(1985,14,'A',6,'VIP'),(1986,14,'A',7,'VIP'),(1987,14,'A',8,'VIP'),(1988,14,'A',9,'VIP'),(1989,14,'A',10,'VIP'),(1990,14,'A',11,'VIP'),(1991,14,'A',12,'VIP'),(1992,14,'A',13,'VIP'),(1993,14,'A',14,'VIP'),(1994,14,'A',15,'VIP'),(1995,14,'A',16,'VIP'),(1996,14,'A',17,'VIP'),(1997,14,'A',18,'VIP'),(1998,14,'B',1,'STANDARD'),(1999,14,'B',2,'STANDARD'),(2000,14,'B',3,'STANDARD');
INSERT INTO seat VALUES (2001,14,'B',4,'STANDARD'),(2002,14,'B',5,'STANDARD'),(2003,14,'B',6,'STANDARD'),(2004,14,'B',7,'STANDARD'),(2005,14,'B',8,'STANDARD'),(2006,14,'B',9,'STANDARD'),(2007,14,'B',10,'STANDARD'),(2008,14,'B',11,'STANDARD'),(2009,14,'B',12,'STANDARD'),(2010,14,'B',13,'STANDARD'),(2011,14,'B',14,'STANDARD'),(2012,14,'B',15,'STANDARD'),(2013,14,'B',16,'STANDARD'),(2014,14,'B',17,'STANDARD'),(2015,14,'B',18,'STANDARD'),(2016,14,'C',1,'STANDARD'),(2017,14,'C',2,'STANDARD'),(2018,14,'C',3,'STANDARD'),(2019,14,'C',4,'STANDARD'),(2020,14,'C',5,'STANDARD'),(2021,14,'C',6,'STANDARD'),(2022,14,'C',7,'STANDARD'),(2023,14,'C',8,'STANDARD'),(2024,14,'C',9,'STANDARD'),(2025,14,'C',10,'STANDARD'),(2026,14,'C',11,'STANDARD'),(2027,14,'C',12,'STANDARD'),(2028,14,'C',13,'STANDARD'),(2029,14,'C',14,'STANDARD'),(2030,14,'C',15,'STANDARD'),(2031,14,'C',16,'STANDARD'),(2032,14,'C',17,'STANDARD'),(2033,14,'C',18,'STANDARD'),(2034,14,'D',1,'STANDARD'),(2035,14,'D',2,'STANDARD'),(2036,14,'D',3,'STANDARD'),(2037,14,'D',4,'STANDARD'),(2038,14,'D',5,'STANDARD'),(2039,14,'D',6,'STANDARD'),(2040,14,'D',7,'STANDARD'),(2041,14,'D',8,'STANDARD'),(2042,14,'D',9,'STANDARD'),(2043,14,'D',10,'STANDARD'),(2044,14,'D',11,'STANDARD'),(2045,14,'D',12,'STANDARD'),(2046,14,'D',13,'STANDARD'),(2047,14,'D',14,'STANDARD'),(2048,14,'D',15,'STANDARD'),(2049,14,'D',16,'STANDARD'),(2050,14,'D',17,'STANDARD'),(2051,14,'D',18,'STANDARD'),(2052,14,'E',1,'STANDARD'),(2053,14,'E',2,'STANDARD'),(2054,14,'E',3,'STANDARD'),(2055,14,'E',4,'STANDARD'),(2056,14,'E',5,'STANDARD'),(2057,14,'E',6,'STANDARD'),(2058,14,'E',7,'STANDARD'),(2059,14,'E',8,'STANDARD'),(2060,14,'E',9,'STANDARD'),(2061,14,'E',10,'STANDARD'),(2062,14,'E',11,'STANDARD'),(2063,14,'E',12,'STANDARD'),(2064,14,'E',13,'STANDARD'),(2065,14,'E',14,'STANDARD'),(2066,14,'E',15,'STANDARD'),(2067,14,'E',16,'STANDARD'),(2068,14,'E',17,'STANDARD'),(2069,14,'E',18,'STANDARD'),(2070,14,'F',1,'STANDARD'),(2071,14,'F',2,'STANDARD'),(2072,14,'F',3,'STANDARD'),(2073,14,'F',4,'STANDARD'),(2074,14,'F',5,'STANDARD'),(2075,14,'F',6,'STANDARD'),(2076,14,'F',7,'STANDARD'),(2077,14,'F',8,'STANDARD'),(2078,14,'F',9,'STANDARD'),(2079,14,'F',10,'STANDARD'),(2080,14,'F',11,'STANDARD'),(2081,14,'F',12,'STANDARD'),(2082,14,'F',13,'STANDARD'),(2083,14,'F',14,'STANDARD'),(2084,14,'F',15,'STANDARD'),(2085,14,'F',16,'STANDARD'),(2086,14,'F',17,'STANDARD'),(2087,14,'F',18,'STANDARD'),(2088,14,'G',1,'STANDARD'),(2089,14,'G',2,'STANDARD'),(2090,14,'G',3,'STANDARD'),(2091,14,'G',4,'STANDARD'),(2092,14,'G',5,'STANDARD'),(2093,14,'G',6,'STANDARD'),(2094,14,'G',7,'STANDARD'),(2095,14,'G',8,'STANDARD'),(2096,14,'G',9,'STANDARD'),(2097,14,'G',10,'STANDARD'),(2098,14,'G',11,'STANDARD'),(2099,14,'G',12,'STANDARD'),(2100,14,'G',13,'STANDARD'),(2101,14,'G',14,'STANDARD'),(2102,14,'G',15,'STANDARD'),(2103,14,'G',16,'STANDARD'),(2104,14,'G',17,'STANDARD'),(2105,14,'G',18,'STANDARD'),(2106,15,'A',1,'VIP'),(2107,15,'A',2,'VIP'),(2108,15,'A',3,'VIP'),(2109,15,'A',4,'VIP'),(2110,15,'A',5,'VIP'),(2111,15,'A',6,'VIP'),(2112,15,'A',7,'VIP'),(2113,15,'A',8,'VIP'),(2114,15,'A',9,'VIP'),(2115,15,'A',10,'VIP'),(2116,15,'A',11,'VIP'),(2117,15,'A',12,'VIP'),(2118,15,'A',13,'VIP'),(2119,15,'A',14,'VIP'),(2120,15,'A',15,'VIP'),(2121,15,'A',16,'VIP'),(2122,15,'A',17,'VIP'),(2123,15,'A',18,'VIP'),(2124,15,'A',19,'VIP'),(2125,15,'A',20,'VIP'),(2126,15,'B',1,'STANDARD'),(2127,15,'B',2,'STANDARD'),(2128,15,'B',3,'STANDARD'),(2129,15,'B',4,'STANDARD'),(2130,15,'B',5,'STANDARD'),(2131,15,'B',6,'STANDARD'),(2132,15,'B',7,'STANDARD'),(2133,15,'B',8,'STANDARD'),(2134,15,'B',9,'STANDARD'),(2135,15,'B',10,'STANDARD'),(2136,15,'B',11,'STANDARD'),(2137,15,'B',12,'STANDARD'),(2138,15,'B',13,'STANDARD'),(2139,15,'B',14,'STANDARD'),(2140,15,'B',15,'STANDARD'),(2141,15,'B',16,'STANDARD'),(2142,15,'B',17,'STANDARD'),(2143,15,'B',18,'STANDARD'),(2144,15,'B',19,'STANDARD'),(2145,15,'B',20,'STANDARD'),(2146,15,'C',1,'STANDARD'),(2147,15,'C',2,'STANDARD'),(2148,15,'C',3,'STANDARD'),(2149,15,'C',4,'STANDARD'),(2150,15,'C',5,'STANDARD'),(2151,15,'C',6,'STANDARD'),(2152,15,'C',7,'STANDARD'),(2153,15,'C',8,'STANDARD'),(2154,15,'C',9,'STANDARD'),(2155,15,'C',10,'STANDARD'),(2156,15,'C',11,'STANDARD'),(2157,15,'C',12,'STANDARD'),(2158,15,'C',13,'STANDARD'),(2159,15,'C',14,'STANDARD'),(2160,15,'C',15,'STANDARD'),(2161,15,'C',16,'STANDARD'),(2162,15,'C',17,'STANDARD'),(2163,15,'C',18,'STANDARD'),(2164,15,'C',19,'STANDARD'),(2165,15,'C',20,'STANDARD'),(2166,15,'D',1,'STANDARD'),(2167,15,'D',2,'STANDARD'),(2168,15,'D',3,'STANDARD'),(2169,15,'D',4,'STANDARD'),(2170,15,'D',5,'STANDARD'),(2171,15,'D',6,'STANDARD'),(2172,15,'D',7,'STANDARD'),(2173,15,'D',8,'STANDARD'),(2174,15,'D',9,'STANDARD'),(2175,15,'D',10,'STANDARD'),(2176,15,'D',11,'STANDARD'),(2177,15,'D',12,'STANDARD'),(2178,15,'D',13,'STANDARD'),(2179,15,'D',14,'STANDARD'),(2180,15,'D',15,'STANDARD'),(2181,15,'D',16,'STANDARD'),(2182,15,'D',17,'STANDARD'),(2183,15,'D',18,'STANDARD'),(2184,15,'D',19,'STANDARD'),(2185,15,'D',20,'STANDARD'),(2186,15,'E',1,'STANDARD'),(2187,15,'E',2,'STANDARD'),(2188,15,'E',3,'STANDARD'),(2189,15,'E',4,'STANDARD'),(2190,15,'E',5,'STANDARD'),(2191,15,'E',6,'STANDARD'),(2192,15,'E',7,'STANDARD'),(2193,15,'E',8,'STANDARD'),(2194,15,'E',9,'STANDARD'),(2195,15,'E',10,'STANDARD'),(2196,15,'E',11,'STANDARD'),(2197,15,'E',12,'STANDARD'),(2198,15,'E',13,'STANDARD'),(2199,15,'E',14,'STANDARD'),(2200,15,'E',15,'STANDARD');
INSERT INTO seat VALUES (2201,15,'E',16,'STANDARD'),(2202,15,'E',17,'STANDARD'),(2203,15,'E',18,'STANDARD'),(2204,15,'E',19,'STANDARD'),(2205,15,'E',20,'STANDARD'),(2206,15,'F',1,'STANDARD'),(2207,15,'F',2,'STANDARD'),(2208,15,'F',3,'STANDARD'),(2209,15,'F',4,'STANDARD'),(2210,15,'F',5,'STANDARD'),(2211,15,'F',6,'STANDARD'),(2212,15,'F',7,'STANDARD'),(2213,15,'F',8,'STANDARD'),(2214,15,'F',9,'STANDARD'),(2215,15,'F',10,'STANDARD'),(2216,15,'F',11,'STANDARD'),(2217,15,'F',12,'STANDARD'),(2218,15,'F',13,'STANDARD'),(2219,15,'F',14,'STANDARD'),(2220,15,'F',15,'STANDARD'),(2221,15,'F',16,'STANDARD'),(2222,15,'F',17,'STANDARD'),(2223,15,'F',18,'STANDARD'),(2224,15,'F',19,'STANDARD'),(2225,15,'F',20,'STANDARD'),(2226,16,'A',1,'VIP'),(2227,16,'A',2,'VIP'),(2228,16,'A',3,'VIP'),(2229,16,'A',4,'VIP'),(2230,16,'A',5,'VIP'),(2231,16,'A',6,'VIP'),(2232,16,'A',7,'VIP'),(2233,16,'A',8,'VIP'),(2234,16,'A',9,'VIP'),(2235,16,'A',10,'VIP'),(2236,16,'A',11,'VIP'),(2237,16,'A',12,'VIP'),(2238,16,'A',13,'VIP'),(2239,16,'A',14,'VIP'),(2240,16,'A',15,'VIP'),(2241,16,'A',16,'VIP'),(2242,16,'A',17,'VIP'),(2243,16,'A',18,'VIP'),(2244,16,'B',1,'STANDARD'),(2245,16,'B',2,'STANDARD'),(2246,16,'B',3,'STANDARD'),(2247,16,'B',4,'STANDARD'),(2248,16,'B',5,'STANDARD'),(2249,16,'B',6,'STANDARD'),(2250,16,'B',7,'STANDARD'),(2251,16,'B',8,'STANDARD'),(2252,16,'B',9,'STANDARD'),(2253,16,'B',10,'STANDARD'),(2254,16,'B',11,'STANDARD'),(2255,16,'B',12,'STANDARD'),(2256,16,'B',13,'STANDARD'),(2257,16,'B',14,'STANDARD'),(2258,16,'B',15,'STANDARD'),(2259,16,'B',16,'STANDARD'),(2260,16,'B',17,'STANDARD'),(2261,16,'B',18,'STANDARD'),(2262,16,'C',1,'STANDARD'),(2263,16,'C',2,'STANDARD'),(2264,16,'C',3,'STANDARD'),(2265,16,'C',4,'STANDARD'),(2266,16,'C',5,'STANDARD'),(2267,16,'C',6,'STANDARD'),(2268,16,'C',7,'STANDARD'),(2269,16,'C',8,'STANDARD'),(2270,16,'C',9,'STANDARD'),(2271,16,'C',10,'STANDARD'),(2272,16,'C',11,'STANDARD'),(2273,16,'C',12,'STANDARD'),(2274,16,'C',13,'STANDARD'),(2275,16,'C',14,'STANDARD'),(2276,16,'C',15,'STANDARD'),(2277,16,'C',16,'STANDARD'),(2278,16,'C',17,'STANDARD'),(2279,16,'C',18,'STANDARD'),(2280,16,'D',1,'STANDARD'),(2281,16,'D',2,'STANDARD'),(2282,16,'D',3,'STANDARD'),(2283,16,'D',4,'STANDARD'),(2284,16,'D',5,'STANDARD'),(2285,16,'D',6,'STANDARD'),(2286,16,'D',7,'STANDARD'),(2287,16,'D',8,'STANDARD'),(2288,16,'D',9,'STANDARD'),(2289,16,'D',10,'STANDARD'),(2290,16,'D',11,'STANDARD'),(2291,16,'D',12,'STANDARD'),(2292,16,'D',13,'STANDARD'),(2293,16,'D',14,'STANDARD'),(2294,16,'D',15,'STANDARD'),(2295,16,'D',16,'STANDARD'),(2296,16,'D',17,'STANDARD'),(2297,16,'D',18,'STANDARD'),(2298,16,'E',1,'STANDARD'),(2299,16,'E',2,'STANDARD'),(2300,16,'E',3,'STANDARD'),(2301,16,'E',4,'STANDARD'),(2302,16,'E',5,'STANDARD'),(2303,16,'E',6,'STANDARD'),(2304,16,'E',7,'STANDARD'),(2305,16,'E',8,'STANDARD'),(2306,16,'E',9,'STANDARD'),(2307,16,'E',10,'STANDARD'),(2308,16,'E',11,'STANDARD'),(2309,16,'E',12,'STANDARD'),(2310,16,'E',13,'STANDARD'),(2311,16,'E',14,'STANDARD'),(2312,16,'E',15,'STANDARD'),(2313,16,'E',16,'STANDARD'),(2314,16,'E',17,'STANDARD'),(2315,16,'E',18,'STANDARD'),(2316,16,'F',1,'STANDARD'),(2317,16,'F',2,'STANDARD'),(2318,16,'F',3,'STANDARD'),(2319,16,'F',4,'STANDARD'),(2320,16,'F',5,'STANDARD'),(2321,16,'F',6,'STANDARD'),(2322,16,'F',7,'STANDARD'),(2323,16,'F',8,'STANDARD'),(2324,16,'F',9,'STANDARD'),(2325,16,'F',10,'STANDARD'),(2326,16,'F',11,'STANDARD'),(2327,16,'F',12,'STANDARD'),(2328,16,'F',13,'STANDARD'),(2329,16,'F',14,'STANDARD'),(2330,16,'F',15,'STANDARD'),(2331,16,'F',16,'STANDARD'),(2332,16,'F',17,'STANDARD'),(2333,16,'F',18,'STANDARD'),(2334,17,'A',1,'VIP'),(2335,17,'A',2,'VIP'),(2336,17,'A',3,'VIP'),(2337,17,'A',4,'VIP'),(2338,17,'A',5,'VIP'),(2339,17,'A',6,'VIP'),(2340,17,'A',7,'VIP'),(2341,17,'A',8,'VIP'),(2342,17,'A',9,'VIP'),(2343,17,'A',10,'VIP'),(2344,17,'A',11,'VIP'),(2345,17,'A',12,'VIP'),(2346,17,'A',13,'VIP'),(2347,17,'A',14,'VIP'),(2348,17,'A',15,'VIP'),(2349,17,'A',16,'VIP'),(2350,17,'A',17,'VIP'),(2351,17,'A',18,'VIP'),(2352,17,'A',19,'VIP'),(2353,17,'A',20,'VIP'),(2354,17,'B',1,'STANDARD'),(2355,17,'B',2,'STANDARD'),(2356,17,'B',3,'STANDARD'),(2357,17,'B',4,'STANDARD'),(2358,17,'B',5,'STANDARD'),(2359,17,'B',6,'STANDARD'),(2360,17,'B',7,'STANDARD'),(2361,17,'B',8,'STANDARD'),(2362,17,'B',9,'STANDARD'),(2363,17,'B',10,'STANDARD'),(2364,17,'B',11,'STANDARD'),(2365,17,'B',12,'STANDARD'),(2366,17,'B',13,'STANDARD'),(2367,17,'B',14,'STANDARD'),(2368,17,'B',15,'STANDARD'),(2369,17,'B',16,'STANDARD'),(2370,17,'B',17,'STANDARD'),(2371,17,'B',18,'STANDARD'),(2372,17,'B',19,'STANDARD'),(2373,17,'B',20,'STANDARD'),(2374,17,'C',1,'STANDARD'),(2375,17,'C',2,'STANDARD'),(2376,17,'C',3,'STANDARD'),(2377,17,'C',4,'STANDARD'),(2378,17,'C',5,'STANDARD'),(2379,17,'C',6,'STANDARD'),(2380,17,'C',7,'STANDARD'),(2381,17,'C',8,'STANDARD'),(2382,17,'C',9,'STANDARD'),(2383,17,'C',10,'STANDARD'),(2384,17,'C',11,'STANDARD'),(2385,17,'C',12,'STANDARD'),(2386,17,'C',13,'STANDARD'),(2387,17,'C',14,'STANDARD'),(2388,17,'C',15,'STANDARD'),(2389,17,'C',16,'STANDARD'),(2390,17,'C',17,'STANDARD'),(2391,17,'C',18,'STANDARD'),(2392,17,'C',19,'STANDARD'),(2393,17,'C',20,'STANDARD'),(2394,17,'D',1,'STANDARD'),(2395,17,'D',2,'STANDARD'),(2396,17,'D',3,'STANDARD'),(2397,17,'D',4,'STANDARD'),(2398,17,'D',5,'STANDARD'),(2399,17,'D',6,'STANDARD'),(2400,17,'D',7,'STANDARD');
INSERT INTO seat VALUES (2401,17,'D',8,'STANDARD'),(2402,17,'D',9,'STANDARD'),(2403,17,'D',10,'STANDARD'),(2404,17,'D',11,'STANDARD'),(2405,17,'D',12,'STANDARD'),(2406,17,'D',13,'STANDARD'),(2407,17,'D',14,'STANDARD'),(2408,17,'D',15,'STANDARD'),(2409,17,'D',16,'STANDARD'),(2410,17,'D',17,'STANDARD'),(2411,17,'D',18,'STANDARD'),(2412,17,'D',19,'STANDARD'),(2413,17,'D',20,'STANDARD'),(2414,17,'E',1,'STANDARD'),(2415,17,'E',2,'STANDARD'),(2416,17,'E',3,'STANDARD'),(2417,17,'E',4,'STANDARD'),(2418,17,'E',5,'STANDARD'),(2419,17,'E',6,'STANDARD'),(2420,17,'E',7,'STANDARD'),(2421,17,'E',8,'STANDARD'),(2422,17,'E',9,'STANDARD'),(2423,17,'E',10,'STANDARD'),(2424,17,'E',11,'STANDARD'),(2425,17,'E',12,'STANDARD'),(2426,17,'E',13,'STANDARD'),(2427,17,'E',14,'STANDARD'),(2428,17,'E',15,'STANDARD'),(2429,17,'E',16,'STANDARD'),(2430,17,'E',17,'STANDARD'),(2431,17,'E',18,'STANDARD'),(2432,17,'E',19,'STANDARD'),(2433,17,'E',20,'STANDARD'),(2434,18,'A',1,'VIP'),(2435,18,'A',2,'VIP'),(2436,18,'A',3,'VIP'),(2437,18,'A',4,'VIP'),(2438,18,'A',5,'VIP'),(2439,18,'A',6,'VIP'),(2440,18,'A',7,'VIP'),(2441,18,'A',8,'VIP'),(2442,18,'A',9,'VIP'),(2443,18,'A',10,'VIP'),(2444,18,'A',11,'VIP'),(2445,18,'A',12,'VIP'),(2446,18,'A',13,'VIP'),(2447,18,'A',14,'VIP'),(2448,18,'A',15,'VIP'),(2449,18,'A',16,'VIP'),(2450,18,'A',17,'VIP'),(2451,18,'A',18,'VIP'),(2452,18,'B',1,'STANDARD'),(2453,18,'B',2,'STANDARD'),(2454,18,'B',3,'STANDARD'),(2455,18,'B',4,'STANDARD'),(2456,18,'B',5,'STANDARD'),(2457,18,'B',6,'STANDARD'),(2458,18,'B',7,'STANDARD'),(2459,18,'B',8,'STANDARD'),(2460,18,'B',9,'STANDARD'),(2461,18,'B',10,'STANDARD'),(2462,18,'B',11,'STANDARD'),(2463,18,'B',12,'STANDARD'),(2464,18,'B',13,'STANDARD'),(2465,18,'B',14,'STANDARD'),(2466,18,'B',15,'STANDARD'),(2467,18,'B',16,'STANDARD'),(2468,18,'B',17,'STANDARD'),(2469,18,'B',18,'STANDARD'),(2470,18,'C',1,'STANDARD'),(2471,18,'C',2,'STANDARD'),(2472,18,'C',3,'STANDARD'),(2473,18,'C',4,'STANDARD'),(2474,18,'C',5,'STANDARD'),(2475,18,'C',6,'STANDARD'),(2476,18,'C',7,'STANDARD'),(2477,18,'C',8,'STANDARD'),(2478,18,'C',9,'STANDARD'),(2479,18,'C',10,'STANDARD'),(2480,18,'C',11,'STANDARD'),(2481,18,'C',12,'STANDARD'),(2482,18,'C',13,'STANDARD'),(2483,18,'C',14,'STANDARD'),(2484,18,'C',15,'STANDARD'),(2485,18,'C',16,'STANDARD'),(2486,18,'C',17,'STANDARD'),(2487,18,'C',18,'STANDARD'),(2488,18,'D',1,'STANDARD'),(2489,18,'D',2,'STANDARD'),(2490,18,'D',3,'STANDARD'),(2491,18,'D',4,'STANDARD'),(2492,18,'D',5,'STANDARD'),(2493,18,'D',6,'STANDARD'),(2494,18,'D',7,'STANDARD'),(2495,18,'D',8,'STANDARD'),(2496,18,'D',9,'STANDARD'),(2497,18,'D',10,'STANDARD'),(2498,18,'D',11,'STANDARD'),(2499,18,'D',12,'STANDARD'),(2500,18,'D',13,'STANDARD'),(2501,18,'D',14,'STANDARD'),(2502,18,'D',15,'STANDARD'),(2503,18,'D',16,'STANDARD'),(2504,18,'D',17,'STANDARD'),(2505,18,'D',18,'STANDARD'),(2506,18,'E',1,'STANDARD'),(2507,18,'E',2,'STANDARD'),(2508,18,'E',3,'STANDARD'),(2509,18,'E',4,'STANDARD'),(2510,18,'E',5,'STANDARD'),(2511,18,'E',6,'STANDARD'),(2512,18,'E',7,'STANDARD'),(2513,18,'E',8,'STANDARD'),(2514,18,'E',9,'STANDARD'),(2515,18,'E',10,'STANDARD'),(2516,18,'E',11,'STANDARD'),(2517,18,'E',12,'STANDARD'),(2518,18,'E',13,'STANDARD'),(2519,18,'E',14,'STANDARD'),(2520,18,'E',15,'STANDARD'),(2521,18,'E',16,'STANDARD'),(2522,18,'E',17,'STANDARD'),(2523,18,'E',18,'STANDARD'),(2524,19,'A',1,'VIP'),(2525,19,'A',2,'VIP'),(2526,19,'A',3,'VIP'),(2527,19,'A',4,'VIP'),(2528,19,'A',5,'VIP'),(2529,19,'A',6,'VIP'),(2530,19,'A',7,'VIP'),(2531,19,'A',8,'VIP'),(2532,19,'A',9,'VIP'),(2533,19,'A',10,'VIP'),(2534,19,'A',11,'VIP'),(2535,19,'A',12,'VIP'),(2536,19,'A',13,'VIP'),(2537,19,'A',14,'VIP'),(2538,19,'A',15,'VIP'),(2539,19,'A',16,'VIP'),(2540,19,'A',17,'VIP'),(2541,19,'A',18,'VIP'),(2542,19,'A',19,'VIP'),(2543,19,'A',20,'VIP'),(2544,19,'B',1,'STANDARD'),(2545,19,'B',2,'STANDARD'),(2546,19,'B',3,'STANDARD'),(2547,19,'B',4,'STANDARD'),(2548,19,'B',5,'STANDARD'),(2549,19,'B',6,'STANDARD'),(2550,19,'B',7,'STANDARD'),(2551,19,'B',8,'STANDARD'),(2552,19,'B',9,'STANDARD'),(2553,19,'B',10,'STANDARD'),(2554,19,'B',11,'STANDARD'),(2555,19,'B',12,'STANDARD'),(2556,19,'B',13,'STANDARD'),(2557,19,'B',14,'STANDARD'),(2558,19,'B',15,'STANDARD'),(2559,19,'B',16,'STANDARD'),(2560,19,'B',17,'STANDARD'),(2561,19,'B',18,'STANDARD'),(2562,19,'B',19,'STANDARD'),(2563,19,'B',20,'STANDARD'),(2564,19,'C',1,'STANDARD'),(2565,19,'C',2,'STANDARD'),(2566,19,'C',3,'STANDARD'),(2567,19,'C',4,'STANDARD'),(2568,19,'C',5,'STANDARD'),(2569,19,'C',6,'STANDARD'),(2570,19,'C',7,'STANDARD'),(2571,19,'C',8,'STANDARD'),(2572,19,'C',9,'STANDARD'),(2573,19,'C',10,'STANDARD'),(2574,19,'C',11,'STANDARD'),(2575,19,'C',12,'STANDARD'),(2576,19,'C',13,'STANDARD'),(2577,19,'C',14,'STANDARD'),(2578,19,'C',15,'STANDARD'),(2579,19,'C',16,'STANDARD'),(2580,19,'C',17,'STANDARD'),(2581,19,'C',18,'STANDARD'),(2582,19,'C',19,'STANDARD'),(2583,19,'C',20,'STANDARD'),(2584,19,'D',1,'STANDARD'),(2585,19,'D',2,'STANDARD'),(2586,19,'D',3,'STANDARD'),(2587,19,'D',4,'STANDARD'),(2588,19,'D',5,'STANDARD'),(2589,19,'D',6,'STANDARD'),(2590,19,'D',7,'STANDARD'),(2591,19,'D',8,'STANDARD'),(2592,19,'D',9,'STANDARD'),(2593,19,'D',10,'STANDARD'),(2594,19,'D',11,'STANDARD'),(2595,19,'D',12,'STANDARD'),(2596,19,'D',13,'STANDARD'),(2597,19,'D',14,'STANDARD'),(2598,19,'D',15,'STANDARD'),(2599,19,'D',16,'STANDARD'),(2600,19,'D',17,'STANDARD');
INSERT INTO seat VALUES (2601,19,'D',18,'STANDARD'),(2602,19,'D',19,'STANDARD'),(2603,19,'D',20,'STANDARD'),(2604,19,'E',1,'STANDARD'),(2605,19,'E',2,'STANDARD'),(2606,19,'E',3,'STANDARD'),(2607,19,'E',4,'STANDARD'),(2608,19,'E',5,'STANDARD'),(2609,19,'E',6,'STANDARD'),(2610,19,'E',7,'STANDARD'),(2611,19,'E',8,'STANDARD'),(2612,19,'E',9,'STANDARD'),(2613,19,'E',10,'STANDARD'),(2614,19,'E',11,'STANDARD'),(2615,19,'E',12,'STANDARD'),(2616,19,'E',13,'STANDARD'),(2617,19,'E',14,'STANDARD'),(2618,19,'E',15,'STANDARD'),(2619,19,'E',16,'STANDARD'),(2620,19,'E',17,'STANDARD'),(2621,19,'E',18,'STANDARD'),(2622,19,'E',19,'STANDARD'),(2623,19,'E',20,'STANDARD'),(2624,19,'F',1,'STANDARD'),(2625,19,'F',2,'STANDARD'),(2626,19,'F',3,'STANDARD'),(2627,19,'F',4,'STANDARD'),(2628,19,'F',5,'STANDARD'),(2629,19,'F',6,'STANDARD'),(2630,19,'F',7,'STANDARD'),(2631,19,'F',8,'STANDARD'),(2632,19,'F',9,'STANDARD'),(2633,19,'F',10,'STANDARD'),(2634,19,'F',11,'STANDARD'),(2635,19,'F',12,'STANDARD'),(2636,19,'F',13,'STANDARD'),(2637,19,'F',14,'STANDARD'),(2638,19,'F',15,'STANDARD'),(2639,19,'F',16,'STANDARD'),(2640,19,'F',17,'STANDARD'),(2641,19,'F',18,'STANDARD'),(2642,19,'F',19,'STANDARD'),(2643,19,'F',20,'STANDARD'),(2644,19,'G',1,'STANDARD'),(2645,19,'G',2,'STANDARD'),(2646,19,'G',3,'STANDARD'),(2647,19,'G',4,'STANDARD'),(2648,19,'G',5,'STANDARD'),(2649,19,'G',6,'STANDARD'),(2650,19,'G',7,'STANDARD'),(2651,19,'G',8,'STANDARD'),(2652,19,'G',9,'STANDARD'),(2653,19,'G',10,'STANDARD'),(2654,19,'G',11,'STANDARD'),(2655,19,'G',12,'STANDARD'),(2656,19,'G',13,'STANDARD'),(2657,19,'G',14,'STANDARD'),(2658,19,'G',15,'STANDARD'),(2659,19,'G',16,'STANDARD'),(2660,19,'G',17,'STANDARD'),(2661,19,'G',18,'STANDARD'),(2662,19,'G',19,'STANDARD'),(2663,19,'G',20,'STANDARD'),(2664,19,'H',1,'STANDARD'),(2665,19,'H',2,'STANDARD'),(2666,19,'H',3,'STANDARD'),(2667,19,'H',4,'STANDARD'),(2668,19,'H',5,'STANDARD'),(2669,19,'H',6,'STANDARD'),(2670,19,'H',7,'STANDARD'),(2671,19,'H',8,'STANDARD'),(2672,19,'H',9,'STANDARD'),(2673,19,'H',10,'STANDARD'),(2674,19,'H',11,'STANDARD'),(2675,19,'H',12,'STANDARD'),(2676,19,'H',13,'STANDARD'),(2677,19,'H',14,'STANDARD'),(2678,19,'H',15,'STANDARD'),(2679,19,'H',16,'STANDARD'),(2680,19,'H',17,'STANDARD'),(2681,19,'H',18,'STANDARD'),(2682,19,'H',19,'STANDARD'),(2683,19,'H',20,'STANDARD'),(2684,20,'A',1,'VIP'),(2685,20,'A',2,'VIP'),(2686,20,'A',3,'VIP'),(2687,20,'A',4,'VIP'),(2688,20,'A',5,'VIP'),(2689,20,'A',6,'VIP'),(2690,20,'A',7,'VIP'),(2691,20,'A',8,'VIP'),(2692,20,'A',9,'VIP'),(2693,20,'A',10,'VIP'),(2694,20,'A',11,'VIP'),(2695,20,'A',12,'VIP'),(2696,20,'A',13,'VIP'),(2697,20,'A',14,'VIP'),(2698,20,'A',15,'VIP'),(2699,20,'A',16,'VIP'),(2700,20,'A',17,'VIP'),(2701,20,'A',18,'VIP'),(2702,20,'A',19,'VIP'),(2703,20,'B',1,'STANDARD'),(2704,20,'B',2,'STANDARD'),(2705,20,'B',3,'STANDARD'),(2706,20,'B',4,'STANDARD'),(2707,20,'B',5,'STANDARD'),(2708,20,'B',6,'STANDARD'),(2709,20,'B',7,'STANDARD'),(2710,20,'B',8,'STANDARD'),(2711,20,'B',9,'STANDARD'),(2712,20,'B',10,'STANDARD'),(2713,20,'B',11,'STANDARD'),(2714,20,'B',12,'STANDARD'),(2715,20,'B',13,'STANDARD'),(2716,20,'B',14,'STANDARD'),(2717,20,'B',15,'STANDARD'),(2718,20,'B',16,'STANDARD'),(2719,20,'B',17,'STANDARD'),(2720,20,'B',18,'STANDARD'),(2721,20,'B',19,'STANDARD'),(2722,20,'C',1,'STANDARD'),(2723,20,'C',2,'STANDARD'),(2724,20,'C',3,'STANDARD'),(2725,20,'C',4,'STANDARD'),(2726,20,'C',5,'STANDARD'),(2727,20,'C',6,'STANDARD'),(2728,20,'C',7,'STANDARD'),(2729,20,'C',8,'STANDARD'),(2730,20,'C',9,'STANDARD'),(2731,20,'C',10,'STANDARD'),(2732,20,'C',11,'STANDARD'),(2733,20,'C',12,'STANDARD'),(2734,20,'C',13,'STANDARD'),(2735,20,'C',14,'STANDARD'),(2736,20,'C',15,'STANDARD'),(2737,20,'C',16,'STANDARD'),(2738,20,'C',17,'STANDARD'),(2739,20,'C',18,'STANDARD'),(2740,20,'C',19,'STANDARD'),(2741,20,'D',1,'STANDARD'),(2742,20,'D',2,'STANDARD'),(2743,20,'D',3,'STANDARD'),(2744,20,'D',4,'STANDARD'),(2745,20,'D',5,'STANDARD'),(2746,20,'D',6,'STANDARD'),(2747,20,'D',7,'STANDARD'),(2748,20,'D',8,'STANDARD'),(2749,20,'D',9,'STANDARD'),(2750,20,'D',10,'STANDARD'),(2751,20,'D',11,'STANDARD'),(2752,20,'D',12,'STANDARD'),(2753,20,'D',13,'STANDARD'),(2754,20,'D',14,'STANDARD'),(2755,20,'D',15,'STANDARD'),(2756,20,'D',16,'STANDARD'),(2757,20,'D',17,'STANDARD'),(2758,20,'D',18,'STANDARD'),(2759,20,'D',19,'STANDARD'),(2760,20,'E',1,'STANDARD'),(2761,20,'E',2,'STANDARD'),(2762,20,'E',3,'STANDARD'),(2763,20,'E',4,'STANDARD'),(2764,20,'E',5,'STANDARD'),(2765,20,'E',6,'STANDARD'),(2766,20,'E',7,'STANDARD'),(2767,20,'E',8,'STANDARD'),(2768,20,'E',9,'STANDARD'),(2769,20,'E',10,'STANDARD'),(2770,20,'E',11,'STANDARD'),(2771,20,'E',12,'STANDARD'),(2772,20,'E',13,'STANDARD'),(2773,20,'E',14,'STANDARD'),(2774,20,'E',15,'STANDARD'),(2775,20,'E',16,'STANDARD'),(2776,20,'E',17,'STANDARD'),(2777,20,'E',18,'STANDARD'),(2778,20,'E',19,'STANDARD'),(2779,20,'F',1,'STANDARD'),(2780,20,'F',2,'STANDARD'),(2781,20,'F',3,'STANDARD'),(2782,20,'F',4,'STANDARD'),(2783,20,'F',5,'STANDARD'),(2784,20,'F',6,'STANDARD'),(2785,20,'F',7,'STANDARD'),(2786,20,'F',8,'STANDARD'),(2787,20,'F',9,'STANDARD'),(2788,20,'F',10,'STANDARD'),(2789,20,'F',11,'STANDARD'),(2790,20,'F',12,'STANDARD'),(2791,20,'F',13,'STANDARD'),(2792,20,'F',14,'STANDARD'),(2793,20,'F',15,'STANDARD'),(2794,20,'F',16,'STANDARD'),(2795,20,'F',17,'STANDARD'),(2796,20,'F',18,'STANDARD'),(2797,20,'F',19,'STANDARD'),(2798,20,'G',1,'STANDARD'),(2799,20,'G',2,'STANDARD'),(2800,20,'G',3,'STANDARD');
INSERT INTO seat VALUES (2801,20,'G',4,'STANDARD'),(2802,20,'G',5,'STANDARD'),(2803,20,'G',6,'STANDARD'),(2804,20,'G',7,'STANDARD'),(2805,20,'G',8,'STANDARD'),(2806,20,'G',9,'STANDARD'),(2807,20,'G',10,'STANDARD'),(2808,20,'G',11,'STANDARD'),(2809,20,'G',12,'STANDARD'),(2810,20,'G',13,'STANDARD'),(2811,20,'G',14,'STANDARD'),(2812,20,'G',15,'STANDARD'),(2813,20,'G',16,'STANDARD'),(2814,20,'G',17,'STANDARD'),(2815,20,'G',18,'STANDARD'),(2816,20,'G',19,'STANDARD'),(2817,20,'H',1,'STANDARD'),(2818,20,'H',2,'STANDARD'),(2819,20,'H',3,'STANDARD'),(2820,20,'H',4,'STANDARD'),(2821,20,'H',5,'STANDARD'),(2822,20,'H',6,'STANDARD'),(2823,20,'H',7,'STANDARD'),(2824,20,'H',8,'STANDARD'),(2825,20,'H',9,'STANDARD'),(2826,20,'H',10,'STANDARD'),(2827,20,'H',11,'STANDARD'),(2828,20,'H',12,'STANDARD'),(2829,20,'H',13,'STANDARD'),(2830,20,'H',14,'STANDARD'),(2831,20,'H',15,'STANDARD'),(2832,20,'H',16,'STANDARD'),(2833,20,'H',17,'STANDARD'),(2834,20,'H',18,'STANDARD'),(2835,20,'H',19,'STANDARD'),(2836,21,'A',1,'VIP'),(2837,21,'A',2,'VIP'),(2838,21,'A',3,'VIP'),(2839,21,'A',4,'VIP'),(2840,21,'A',5,'VIP'),(2841,21,'A',6,'VIP'),(2842,21,'A',7,'VIP'),(2843,21,'A',8,'VIP'),(2844,21,'A',9,'VIP'),(2845,21,'A',10,'VIP'),(2846,21,'A',11,'VIP'),(2847,21,'A',12,'VIP'),(2848,21,'A',13,'VIP'),(2849,21,'A',14,'VIP'),(2850,21,'A',15,'VIP'),(2851,21,'A',16,'VIP'),(2852,21,'A',17,'VIP'),(2853,21,'A',18,'VIP'),(2854,21,'A',19,'VIP'),(2855,21,'A',20,'VIP'),(2856,21,'B',1,'STANDARD'),(2857,21,'B',2,'STANDARD'),(2858,21,'B',3,'STANDARD'),(2859,21,'B',4,'STANDARD'),(2860,21,'B',5,'STANDARD'),(2861,21,'B',6,'STANDARD'),(2862,21,'B',7,'STANDARD'),(2863,21,'B',8,'STANDARD'),(2864,21,'B',9,'STANDARD'),(2865,21,'B',10,'STANDARD'),(2866,21,'B',11,'STANDARD'),(2867,21,'B',12,'STANDARD'),(2868,21,'B',13,'STANDARD'),(2869,21,'B',14,'STANDARD'),(2870,21,'B',15,'STANDARD'),(2871,21,'B',16,'STANDARD'),(2872,21,'B',17,'STANDARD'),(2873,21,'B',18,'STANDARD'),(2874,21,'B',19,'STANDARD'),(2875,21,'B',20,'STANDARD'),(2876,21,'C',1,'STANDARD'),(2877,21,'C',2,'STANDARD'),(2878,21,'C',3,'STANDARD'),(2879,21,'C',4,'STANDARD'),(2880,21,'C',5,'STANDARD'),(2881,21,'C',6,'STANDARD'),(2882,21,'C',7,'STANDARD'),(2883,21,'C',8,'STANDARD'),(2884,21,'C',9,'STANDARD'),(2885,21,'C',10,'STANDARD'),(2886,21,'C',11,'STANDARD'),(2887,21,'C',12,'STANDARD'),(2888,21,'C',13,'STANDARD'),(2889,21,'C',14,'STANDARD'),(2890,21,'C',15,'STANDARD'),(2891,21,'C',16,'STANDARD'),(2892,21,'C',17,'STANDARD'),(2893,21,'C',18,'STANDARD'),(2894,21,'C',19,'STANDARD'),(2895,21,'C',20,'STANDARD'),(2896,21,'D',1,'STANDARD'),(2897,21,'D',2,'STANDARD'),(2898,21,'D',3,'STANDARD'),(2899,21,'D',4,'STANDARD'),(2900,21,'D',5,'STANDARD'),(2901,21,'D',6,'STANDARD'),(2902,21,'D',7,'STANDARD'),(2903,21,'D',8,'STANDARD'),(2904,21,'D',9,'STANDARD'),(2905,21,'D',10,'STANDARD'),(2906,21,'D',11,'STANDARD'),(2907,21,'D',12,'STANDARD'),(2908,21,'D',13,'STANDARD'),(2909,21,'D',14,'STANDARD'),(2910,21,'D',15,'STANDARD'),(2911,21,'D',16,'STANDARD'),(2912,21,'D',17,'STANDARD'),(2913,21,'D',18,'STANDARD'),(2914,21,'D',19,'STANDARD'),(2915,21,'D',20,'STANDARD'),(2916,21,'E',1,'STANDARD'),(2917,21,'E',2,'STANDARD'),(2918,21,'E',3,'STANDARD'),(2919,21,'E',4,'STANDARD'),(2920,21,'E',5,'STANDARD'),(2921,21,'E',6,'STANDARD'),(2922,21,'E',7,'STANDARD'),(2923,21,'E',8,'STANDARD'),(2924,21,'E',9,'STANDARD'),(2925,21,'E',10,'STANDARD'),(2926,21,'E',11,'STANDARD'),(2927,21,'E',12,'STANDARD'),(2928,21,'E',13,'STANDARD'),(2929,21,'E',14,'STANDARD'),(2930,21,'E',15,'STANDARD'),(2931,21,'E',16,'STANDARD'),(2932,21,'E',17,'STANDARD'),(2933,21,'E',18,'STANDARD'),(2934,21,'E',19,'STANDARD'),(2935,21,'E',20,'STANDARD'),(2936,21,'F',1,'STANDARD'),(2937,21,'F',2,'STANDARD'),(2938,21,'F',3,'STANDARD'),(2939,21,'F',4,'STANDARD'),(2940,21,'F',5,'STANDARD'),(2941,21,'F',6,'STANDARD'),(2942,21,'F',7,'STANDARD'),(2943,21,'F',8,'STANDARD'),(2944,21,'F',9,'STANDARD'),(2945,21,'F',10,'STANDARD'),(2946,21,'F',11,'STANDARD'),(2947,21,'F',12,'STANDARD'),(2948,21,'F',13,'STANDARD'),(2949,21,'F',14,'STANDARD'),(2950,21,'F',15,'STANDARD'),(2951,21,'F',16,'STANDARD'),(2952,21,'F',17,'STANDARD'),(2953,21,'F',18,'STANDARD'),(2954,21,'F',19,'STANDARD'),(2955,21,'F',20,'STANDARD'),(2956,21,'G',1,'STANDARD'),(2957,21,'G',2,'STANDARD'),(2958,21,'G',3,'STANDARD'),(2959,21,'G',4,'STANDARD'),(2960,21,'G',5,'STANDARD'),(2961,21,'G',6,'STANDARD'),(2962,21,'G',7,'STANDARD'),(2963,21,'G',8,'STANDARD'),(2964,21,'G',9,'STANDARD'),(2965,21,'G',10,'STANDARD'),(2966,21,'G',11,'STANDARD'),(2967,21,'G',12,'STANDARD'),(2968,21,'G',13,'STANDARD'),(2969,21,'G',14,'STANDARD'),(2970,21,'G',15,'STANDARD'),(2971,21,'G',16,'STANDARD'),(2972,21,'G',17,'STANDARD'),(2973,21,'G',18,'STANDARD'),(2974,21,'G',19,'STANDARD'),(2975,21,'G',20,'STANDARD'),(2976,22,'A',1,'VIP'),(2977,22,'A',2,'VIP'),(2978,22,'A',3,'VIP'),(2979,22,'A',4,'VIP'),(2980,22,'A',5,'VIP'),(2981,22,'A',6,'VIP'),(2982,22,'A',7,'VIP'),(2983,22,'A',8,'VIP'),(2984,22,'A',9,'VIP'),(2985,22,'A',10,'VIP'),(2986,22,'A',11,'VIP'),(2987,22,'A',12,'VIP'),(2988,22,'A',13,'VIP'),(2989,22,'A',14,'VIP'),(2990,22,'A',15,'VIP'),(2991,22,'A',16,'VIP'),(2992,22,'A',17,'VIP'),(2993,22,'A',18,'VIP'),(2994,22,'B',1,'STANDARD'),(2995,22,'B',2,'STANDARD'),(2996,22,'B',3,'STANDARD'),(2997,22,'B',4,'STANDARD'),(2998,22,'B',5,'STANDARD'),(2999,22,'B',6,'STANDARD'),(3000,22,'B',7,'STANDARD');
INSERT INTO seat VALUES (3001,22,'B',8,'STANDARD'),(3002,22,'B',9,'STANDARD'),(3003,22,'B',10,'STANDARD'),(3004,22,'B',11,'STANDARD'),(3005,22,'B',12,'STANDARD'),(3006,22,'B',13,'STANDARD'),(3007,22,'B',14,'STANDARD'),(3008,22,'B',15,'STANDARD'),(3009,22,'B',16,'STANDARD'),(3010,22,'B',17,'STANDARD'),(3011,22,'B',18,'STANDARD'),(3012,22,'C',1,'STANDARD'),(3013,22,'C',2,'STANDARD'),(3014,22,'C',3,'STANDARD'),(3015,22,'C',4,'STANDARD'),(3016,22,'C',5,'STANDARD'),(3017,22,'C',6,'STANDARD'),(3018,22,'C',7,'STANDARD'),(3019,22,'C',8,'STANDARD'),(3020,22,'C',9,'STANDARD'),(3021,22,'C',10,'STANDARD'),(3022,22,'C',11,'STANDARD'),(3023,22,'C',12,'STANDARD'),(3024,22,'C',13,'STANDARD'),(3025,22,'C',14,'STANDARD'),(3026,22,'C',15,'STANDARD'),(3027,22,'C',16,'STANDARD'),(3028,22,'C',17,'STANDARD'),(3029,22,'C',18,'STANDARD'),(3030,22,'D',1,'STANDARD'),(3031,22,'D',2,'STANDARD'),(3032,22,'D',3,'STANDARD'),(3033,22,'D',4,'STANDARD'),(3034,22,'D',5,'STANDARD'),(3035,22,'D',6,'STANDARD'),(3036,22,'D',7,'STANDARD'),(3037,22,'D',8,'STANDARD'),(3038,22,'D',9,'STANDARD'),(3039,22,'D',10,'STANDARD'),(3040,22,'D',11,'STANDARD'),(3041,22,'D',12,'STANDARD'),(3042,22,'D',13,'STANDARD'),(3043,22,'D',14,'STANDARD'),(3044,22,'D',15,'STANDARD'),(3045,22,'D',16,'STANDARD'),(3046,22,'D',17,'STANDARD'),(3047,22,'D',18,'STANDARD'),(3048,22,'E',1,'STANDARD'),(3049,22,'E',2,'STANDARD'),(3050,22,'E',3,'STANDARD'),(3051,22,'E',4,'STANDARD'),(3052,22,'E',5,'STANDARD'),(3053,22,'E',6,'STANDARD'),(3054,22,'E',7,'STANDARD'),(3055,22,'E',8,'STANDARD'),(3056,22,'E',9,'STANDARD'),(3057,22,'E',10,'STANDARD'),(3058,22,'E',11,'STANDARD'),(3059,22,'E',12,'STANDARD'),(3060,22,'E',13,'STANDARD'),(3061,22,'E',14,'STANDARD'),(3062,22,'E',15,'STANDARD'),(3063,22,'E',16,'STANDARD'),(3064,22,'E',17,'STANDARD'),(3065,22,'E',18,'STANDARD'),(3066,22,'F',1,'STANDARD'),(3067,22,'F',2,'STANDARD'),(3068,22,'F',3,'STANDARD'),(3069,22,'F',4,'STANDARD'),(3070,22,'F',5,'STANDARD'),(3071,22,'F',6,'STANDARD'),(3072,22,'F',7,'STANDARD'),(3073,22,'F',8,'STANDARD'),(3074,22,'F',9,'STANDARD'),(3075,22,'F',10,'STANDARD'),(3076,22,'F',11,'STANDARD'),(3077,22,'F',12,'STANDARD'),(3078,22,'F',13,'STANDARD'),(3079,22,'F',14,'STANDARD'),(3080,22,'F',15,'STANDARD'),(3081,22,'F',16,'STANDARD'),(3082,22,'F',17,'STANDARD'),(3083,22,'F',18,'STANDARD'),(3084,22,'G',1,'STANDARD'),(3085,22,'G',2,'STANDARD'),(3086,22,'G',3,'STANDARD'),(3087,22,'G',4,'STANDARD'),(3088,22,'G',5,'STANDARD'),(3089,22,'G',6,'STANDARD'),(3090,22,'G',7,'STANDARD'),(3091,22,'G',8,'STANDARD'),(3092,22,'G',9,'STANDARD'),(3093,22,'G',10,'STANDARD'),(3094,22,'G',11,'STANDARD'),(3095,22,'G',12,'STANDARD'),(3096,22,'G',13,'STANDARD'),(3097,22,'G',14,'STANDARD'),(3098,22,'G',15,'STANDARD'),(3099,22,'G',16,'STANDARD'),(3100,22,'G',17,'STANDARD'),(3101,22,'G',18,'STANDARD'),(3102,23,'A',1,'VIP'),(3103,23,'A',2,'VIP'),(3104,23,'A',3,'VIP'),(3105,23,'A',4,'VIP'),(3106,23,'A',5,'VIP'),(3107,23,'A',6,'VIP'),(3108,23,'A',7,'VIP'),(3109,23,'A',8,'VIP'),(3110,23,'A',9,'VIP'),(3111,23,'A',10,'VIP'),(3112,23,'A',11,'VIP'),(3113,23,'A',12,'VIP'),(3114,23,'A',13,'VIP'),(3115,23,'A',14,'VIP'),(3116,23,'A',15,'VIP'),(3117,23,'A',16,'VIP'),(3118,23,'A',17,'VIP'),(3119,23,'A',18,'VIP'),(3120,23,'A',19,'VIP'),(3121,23,'A',20,'VIP'),(3122,23,'B',1,'STANDARD'),(3123,23,'B',2,'STANDARD'),(3124,23,'B',3,'STANDARD'),(3125,23,'B',4,'STANDARD'),(3126,23,'B',5,'STANDARD'),(3127,23,'B',6,'STANDARD'),(3128,23,'B',7,'STANDARD'),(3129,23,'B',8,'STANDARD'),(3130,23,'B',9,'STANDARD'),(3131,23,'B',10,'STANDARD'),(3132,23,'B',11,'STANDARD'),(3133,23,'B',12,'STANDARD'),(3134,23,'B',13,'STANDARD'),(3135,23,'B',14,'STANDARD'),(3136,23,'B',15,'STANDARD'),(3137,23,'B',16,'STANDARD'),(3138,23,'B',17,'STANDARD'),(3139,23,'B',18,'STANDARD'),(3140,23,'B',19,'STANDARD'),(3141,23,'B',20,'STANDARD'),(3142,23,'C',1,'STANDARD'),(3143,23,'C',2,'STANDARD'),(3144,23,'C',3,'STANDARD'),(3145,23,'C',4,'STANDARD'),(3146,23,'C',5,'STANDARD'),(3147,23,'C',6,'STANDARD'),(3148,23,'C',7,'STANDARD'),(3149,23,'C',8,'STANDARD'),(3150,23,'C',9,'STANDARD'),(3151,23,'C',10,'STANDARD'),(3152,23,'C',11,'STANDARD'),(3153,23,'C',12,'STANDARD'),(3154,23,'C',13,'STANDARD'),(3155,23,'C',14,'STANDARD'),(3156,23,'C',15,'STANDARD'),(3157,23,'C',16,'STANDARD'),(3158,23,'C',17,'STANDARD'),(3159,23,'C',18,'STANDARD'),(3160,23,'C',19,'STANDARD'),(3161,23,'C',20,'STANDARD'),(3162,23,'D',1,'STANDARD'),(3163,23,'D',2,'STANDARD'),(3164,23,'D',3,'STANDARD'),(3165,23,'D',4,'STANDARD'),(3166,23,'D',5,'STANDARD'),(3167,23,'D',6,'STANDARD'),(3168,23,'D',7,'STANDARD'),(3169,23,'D',8,'STANDARD'),(3170,23,'D',9,'STANDARD'),(3171,23,'D',10,'STANDARD'),(3172,23,'D',11,'STANDARD'),(3173,23,'D',12,'STANDARD'),(3174,23,'D',13,'STANDARD'),(3175,23,'D',14,'STANDARD'),(3176,23,'D',15,'STANDARD'),(3177,23,'D',16,'STANDARD'),(3178,23,'D',17,'STANDARD'),(3179,23,'D',18,'STANDARD'),(3180,23,'D',19,'STANDARD'),(3181,23,'D',20,'STANDARD'),(3182,23,'E',1,'STANDARD'),(3183,23,'E',2,'STANDARD'),(3184,23,'E',3,'STANDARD'),(3185,23,'E',4,'STANDARD'),(3186,23,'E',5,'STANDARD'),(3187,23,'E',6,'STANDARD'),(3188,23,'E',7,'STANDARD'),(3189,23,'E',8,'STANDARD'),(3190,23,'E',9,'STANDARD'),(3191,23,'E',10,'STANDARD'),(3192,23,'E',11,'STANDARD'),(3193,23,'E',12,'STANDARD'),(3194,23,'E',13,'STANDARD'),(3195,23,'E',14,'STANDARD'),(3196,23,'E',15,'STANDARD'),(3197,23,'E',16,'STANDARD'),(3198,23,'E',17,'STANDARD'),(3199,23,'E',18,'STANDARD'),(3200,23,'E',19,'STANDARD');
INSERT INTO seat VALUES (3201,23,'E',20,'STANDARD'),(3202,23,'F',1,'STANDARD'),(3203,23,'F',2,'STANDARD'),(3204,23,'F',3,'STANDARD'),(3205,23,'F',4,'STANDARD'),(3206,23,'F',5,'STANDARD'),(3207,23,'F',6,'STANDARD'),(3208,23,'F',7,'STANDARD'),(3209,23,'F',8,'STANDARD'),(3210,23,'F',9,'STANDARD'),(3211,23,'F',10,'STANDARD'),(3212,23,'F',11,'STANDARD'),(3213,23,'F',12,'STANDARD'),(3214,23,'F',13,'STANDARD'),(3215,23,'F',14,'STANDARD'),(3216,23,'F',15,'STANDARD'),(3217,23,'F',16,'STANDARD'),(3218,23,'F',17,'STANDARD'),(3219,23,'F',18,'STANDARD'),(3220,23,'F',19,'STANDARD'),(3221,23,'F',20,'STANDARD'),(3222,24,'A',1,'VIP'),(3223,24,'A',2,'VIP'),(3224,24,'A',3,'VIP'),(3225,24,'A',4,'VIP'),(3226,24,'A',5,'VIP'),(3227,24,'A',6,'VIP'),(3228,24,'A',7,'VIP'),(3229,24,'A',8,'VIP'),(3230,24,'A',9,'VIP'),(3231,24,'A',10,'VIP'),(3232,24,'A',11,'VIP'),(3233,24,'A',12,'VIP'),(3234,24,'A',13,'VIP'),(3235,24,'A',14,'VIP'),(3236,24,'A',15,'VIP'),(3237,24,'A',16,'VIP'),(3238,24,'A',17,'VIP'),(3239,24,'A',18,'VIP'),(3240,24,'B',1,'STANDARD'),(3241,24,'B',2,'STANDARD'),(3242,24,'B',3,'STANDARD'),(3243,24,'B',4,'STANDARD'),(3244,24,'B',5,'STANDARD'),(3245,24,'B',6,'STANDARD'),(3246,24,'B',7,'STANDARD'),(3247,24,'B',8,'STANDARD'),(3248,24,'B',9,'STANDARD'),(3249,24,'B',10,'STANDARD'),(3250,24,'B',11,'STANDARD'),(3251,24,'B',12,'STANDARD'),(3252,24,'B',13,'STANDARD'),(3253,24,'B',14,'STANDARD'),(3254,24,'B',15,'STANDARD'),(3255,24,'B',16,'STANDARD'),(3256,24,'B',17,'STANDARD'),(3257,24,'B',18,'STANDARD'),(3258,24,'C',1,'STANDARD'),(3259,24,'C',2,'STANDARD'),(3260,24,'C',3,'STANDARD'),(3261,24,'C',4,'STANDARD'),(3262,24,'C',5,'STANDARD'),(3263,24,'C',6,'STANDARD'),(3264,24,'C',7,'STANDARD'),(3265,24,'C',8,'STANDARD'),(3266,24,'C',9,'STANDARD'),(3267,24,'C',10,'STANDARD'),(3268,24,'C',11,'STANDARD'),(3269,24,'C',12,'STANDARD'),(3270,24,'C',13,'STANDARD'),(3271,24,'C',14,'STANDARD'),(3272,24,'C',15,'STANDARD'),(3273,24,'C',16,'STANDARD'),(3274,24,'C',17,'STANDARD'),(3275,24,'C',18,'STANDARD'),(3276,24,'D',1,'STANDARD'),(3277,24,'D',2,'STANDARD'),(3278,24,'D',3,'STANDARD'),(3279,24,'D',4,'STANDARD'),(3280,24,'D',5,'STANDARD'),(3281,24,'D',6,'STANDARD'),(3282,24,'D',7,'STANDARD'),(3283,24,'D',8,'STANDARD'),(3284,24,'D',9,'STANDARD'),(3285,24,'D',10,'STANDARD'),(3286,24,'D',11,'STANDARD'),(3287,24,'D',12,'STANDARD'),(3288,24,'D',13,'STANDARD'),(3289,24,'D',14,'STANDARD'),(3290,24,'D',15,'STANDARD'),(3291,24,'D',16,'STANDARD'),(3292,24,'D',17,'STANDARD'),(3293,24,'D',18,'STANDARD'),(3294,24,'E',1,'STANDARD'),(3295,24,'E',2,'STANDARD'),(3296,24,'E',3,'STANDARD'),(3297,24,'E',4,'STANDARD'),(3298,24,'E',5,'STANDARD'),(3299,24,'E',6,'STANDARD'),(3300,24,'E',7,'STANDARD'),(3301,24,'E',8,'STANDARD'),(3302,24,'E',9,'STANDARD'),(3303,24,'E',10,'STANDARD'),(3304,24,'E',11,'STANDARD'),(3305,24,'E',12,'STANDARD'),(3306,24,'E',13,'STANDARD'),(3307,24,'E',14,'STANDARD'),(3308,24,'E',15,'STANDARD'),(3309,24,'E',16,'STANDARD'),(3310,24,'E',17,'STANDARD'),(3311,24,'E',18,'STANDARD'),(3312,24,'F',1,'STANDARD'),(3313,24,'F',2,'STANDARD'),(3314,24,'F',3,'STANDARD'),(3315,24,'F',4,'STANDARD'),(3316,24,'F',5,'STANDARD'),(3317,24,'F',6,'STANDARD'),(3318,24,'F',7,'STANDARD'),(3319,24,'F',8,'STANDARD'),(3320,24,'F',9,'STANDARD'),(3321,24,'F',10,'STANDARD'),(3322,24,'F',11,'STANDARD'),(3323,24,'F',12,'STANDARD'),(3324,24,'F',13,'STANDARD'),(3325,24,'F',14,'STANDARD'),(3326,24,'F',15,'STANDARD'),(3327,24,'F',16,'STANDARD'),(3328,24,'F',17,'STANDARD'),(3329,24,'F',18,'STANDARD'),(3330,25,'A',1,'VIP'),(3331,25,'A',2,'VIP'),(3332,25,'A',3,'VIP'),(3333,25,'A',4,'VIP'),(3334,25,'A',5,'VIP'),(3335,25,'A',6,'VIP'),(3336,25,'A',7,'VIP'),(3337,25,'A',8,'VIP'),(3338,25,'A',9,'VIP'),(3339,25,'A',10,'VIP'),(3340,25,'A',11,'VIP'),(3341,25,'A',12,'VIP'),(3342,25,'A',13,'VIP'),(3343,25,'A',14,'VIP'),(3344,25,'A',15,'VIP'),(3345,25,'A',16,'VIP'),(3346,25,'A',17,'VIP'),(3347,25,'A',18,'VIP'),(3348,25,'A',19,'VIP'),(3349,25,'A',20,'VIP'),(3350,25,'B',1,'STANDARD'),(3351,25,'B',2,'STANDARD'),(3352,25,'B',3,'STANDARD'),(3353,25,'B',4,'STANDARD'),(3354,25,'B',5,'STANDARD'),(3355,25,'B',6,'STANDARD'),(3356,25,'B',7,'STANDARD'),(3357,25,'B',8,'STANDARD'),(3358,25,'B',9,'STANDARD'),(3359,25,'B',10,'STANDARD'),(3360,25,'B',11,'STANDARD'),(3361,25,'B',12,'STANDARD'),(3362,25,'B',13,'STANDARD'),(3363,25,'B',14,'STANDARD'),(3364,25,'B',15,'STANDARD'),(3365,25,'B',16,'STANDARD'),(3366,25,'B',17,'STANDARD'),(3367,25,'B',18,'STANDARD'),(3368,25,'B',19,'STANDARD'),(3369,25,'B',20,'STANDARD'),(3370,25,'C',1,'STANDARD'),(3371,25,'C',2,'STANDARD'),(3372,25,'C',3,'STANDARD'),(3373,25,'C',4,'STANDARD'),(3374,25,'C',5,'STANDARD'),(3375,25,'C',6,'STANDARD'),(3376,25,'C',7,'STANDARD'),(3377,25,'C',8,'STANDARD'),(3378,25,'C',9,'STANDARD'),(3379,25,'C',10,'STANDARD'),(3380,25,'C',11,'STANDARD'),(3381,25,'C',12,'STANDARD'),(3382,25,'C',13,'STANDARD'),(3383,25,'C',14,'STANDARD'),(3384,25,'C',15,'STANDARD'),(3385,25,'C',16,'STANDARD'),(3386,25,'C',17,'STANDARD'),(3387,25,'C',18,'STANDARD'),(3388,25,'C',19,'STANDARD'),(3389,25,'C',20,'STANDARD'),(3390,25,'D',1,'STANDARD'),(3391,25,'D',2,'STANDARD'),(3392,25,'D',3,'STANDARD'),(3393,25,'D',4,'STANDARD'),(3394,25,'D',5,'STANDARD'),(3395,25,'D',6,'STANDARD'),(3396,25,'D',7,'STANDARD'),(3397,25,'D',8,'STANDARD'),(3398,25,'D',9,'STANDARD'),(3399,25,'D',10,'STANDARD'),(3400,25,'D',11,'STANDARD');
INSERT INTO seat VALUES (3401,25,'D',12,'STANDARD'),(3402,25,'D',13,'STANDARD'),(3403,25,'D',14,'STANDARD'),(3404,25,'D',15,'STANDARD'),(3405,25,'D',16,'STANDARD'),(3406,25,'D',17,'STANDARD'),(3407,25,'D',18,'STANDARD'),(3408,25,'D',19,'STANDARD'),(3409,25,'D',20,'STANDARD'),(3410,25,'E',1,'STANDARD'),(3411,25,'E',2,'STANDARD'),(3412,25,'E',3,'STANDARD'),(3413,25,'E',4,'STANDARD'),(3414,25,'E',5,'STANDARD'),(3415,25,'E',6,'STANDARD'),(3416,25,'E',7,'STANDARD'),(3417,25,'E',8,'STANDARD'),(3418,25,'E',9,'STANDARD'),(3419,25,'E',10,'STANDARD'),(3420,25,'E',11,'STANDARD'),(3421,25,'E',12,'STANDARD'),(3422,25,'E',13,'STANDARD'),(3423,25,'E',14,'STANDARD'),(3424,25,'E',15,'STANDARD'),(3425,25,'E',16,'STANDARD'),(3426,25,'E',17,'STANDARD'),(3427,25,'E',18,'STANDARD'),(3428,25,'E',19,'STANDARD'),(3429,25,'E',20,'STANDARD');
/*!40000 ALTER TABLE `seat` ENABLE KEYS */;
UNLOCK TABLES;

--
-- Table structure for table `shift`
--

/*!40101 SET @saved_cs_client     = @@character_set_client */;
/*!50503 SET character_set_client = utf8mb4 */;
CREATE TABLE `shift` (
  `id` bigint NOT NULL AUTO_INCREMENT,
  `employee_id` bigint DEFAULT NULL,
  `shift_date` date NOT NULL,
  `start_time` time NOT NULL,
  `end_time` time NOT NULL,
  `notes` varchar(255) DEFAULT NULL,
  `status` varchar(30) DEFAULT 'SCHEDULED',
  `created_at` datetime DEFAULT NULL,
  PRIMARY KEY (`id`),
  KEY `fk_shift_employee` (`employee_id`),
  CONSTRAINT `fk_shift_employee` FOREIGN KEY (`employee_id`) REFERENCES `workers` (`id`)
) ENGINE=InnoDB AUTO_INCREMENT=64 DEFAULT CHARSET=utf8mb4 COLLATE=utf8mb4_0900_ai_ci;
/*!40101 SET character_set_client = @saved_cs_client */;

--
-- Dumping data for table `shift`
--

LOCK TABLES `shift` WRITE;
/*!40000 ALTER TABLE `shift` DISABLE KEYS */;
INSERT INTO `shift` VALUES (1,NULL,'2026-04-28','09:00:00','17:00:00',NULL,'COMPLETED','2026-05-06 00:00:00'),(2,NULL,'2026-04-28','16:00:00','00:00:00',NULL,'COMPLETED','2026-05-06 00:00:00'),(3,NULL,'2026-04-28','08:00:00','16:00:00',NULL,'COMPLETED','2026-05-06 00:00:00'),(4,NULL,'2026-04-28','07:00:00','15:00:00',NULL,'COMPLETED','2026-05-06 00:00:00'),(5,NULL,'2026-04-28','12:00:00','20:00:00',NULL,'COMPLETED','2026-05-06 00:00:00'),(6,NULL,'2026-04-29','16:00:00','00:00:00',NULL,'COMPLETED','2026-05-06 00:00:00'),(7,NULL,'2026-04-29','09:00:00','17:00:00',NULL,'COMPLETED','2026-05-06 00:00:00'),(8,NULL,'2026-04-29','09:00:00','17:00:00',NULL,'ABSENT','2026-05-06 00:00:00'),(9,NULL,'2026-04-29','16:00:00','00:00:00','Sustitucion por baja','COMPLETED','2026-05-06 00:00:00'),(10,NULL,'2026-04-30','06:00:00','14:00:00',NULL,'COMPLETED','2026-05-06 00:00:00'),(11,NULL,'2026-04-30','14:00:00','22:00:00',NULL,'COMPLETED','2026-05-06 00:00:00'),(12,NULL,'2026-04-30','14:00:00','22:00:00',NULL,'COMPLETED','2026-05-06 00:00:00'),(13,NULL,'2026-05-01','09:00:00','17:00:00',NULL,'COMPLETED','2026-05-06 00:00:00'),(14,NULL,'2026-05-01','17:00:00','01:00:00',NULL,'COMPLETED','2026-05-06 00:00:00'),(15,NULL,'2026-05-01','08:00:00','16:00:00',NULL,'COMPLETED','2026-05-06 00:00:00'),(16,NULL,'2026-05-02','16:00:00','00:00:00',NULL,'COMPLETED','2026-05-06 00:00:00'),(17,NULL,'2026-05-02','07:00:00','15:00:00',NULL,'COMPLETED','2026-05-06 00:00:00'),(18,NULL,'2026-05-02','09:00:00','17:00:00',NULL,'COMPLETED','2026-05-06 00:00:00'),(19,NULL,'2026-05-03','06:00:00','14:00:00',NULL,'COMPLETED','2026-05-06 00:00:00'),(20,NULL,'2026-05-03','09:00:00','17:00:00',NULL,'COMPLETED','2026-05-06 00:00:00'),(21,NULL,'2026-05-04','09:00:00','17:00:00',NULL,'COMPLETED','2026-05-06 00:00:00'),(22,NULL,'2026-05-04','16:00:00','00:00:00',NULL,'COMPLETED','2026-05-06 00:00:00'),(23,NULL,'2026-05-05','09:00:00','17:00:00',NULL,'COMPLETED','2026-05-06 00:00:00'),(24,NULL,'2026-05-05','07:00:00','15:00:00',NULL,'COMPLETED','2026-05-06 00:00:00'),(25,NULL,'2026-05-05','17:00:00','01:00:00',NULL,'COMPLETED','2026-05-06 00:00:00'),(26,NULL,'2026-05-06','09:00:00','17:00:00',NULL,'SCHEDULED','2026-05-06 00:00:00'),(27,NULL,'2026-05-06','17:00:00','01:00:00',NULL,'SCHEDULED','2026-05-06 00:00:00'),(28,NULL,'2026-05-06','08:00:00','16:00:00',NULL,'SCHEDULED','2026-05-06 00:00:00'),(29,NULL,'2026-05-06','16:00:00','00:00:00',NULL,'SCHEDULED','2026-05-06 00:00:00'),(30,NULL,'2026-05-06','06:00:00','14:00:00',NULL,'SCHEDULED','2026-05-06 00:00:00'),(31,NULL,'2026-05-06','12:00:00','20:00:00',NULL,'SCHEDULED','2026-05-06 00:00:00'),(32,NULL,'2026-05-07','09:00:00','17:00:00',NULL,'SCHEDULED','2026-05-06 00:00:00'),(33,NULL,'2026-05-07','17:00:00','01:00:00',NULL,'SCHEDULED','2026-05-06 00:00:00'),(34,NULL,'2026-05-07','07:00:00','15:00:00',NULL,'SCHEDULED','2026-05-06 00:00:00'),(35,NULL,'2026-05-07','16:00:00','00:00:00',NULL,'SCHEDULED','2026-05-06 00:00:00'),(36,NULL,'2026-05-08','09:00:00','17:00:00',NULL,'SCHEDULED','2026-05-06 00:00:00'),(37,NULL,'2026-05-08','14:00:00','22:00:00',NULL,'SCHEDULED','2026-05-06 00:00:00'),(38,NULL,'2026-05-08','09:00:00','17:00:00',NULL,'SCHEDULED','2026-05-06 00:00:00'),(39,NULL,'2026-05-09','09:00:00','17:00:00',NULL,'SCHEDULED','2026-05-06 00:00:00'),(40,NULL,'2026-05-09','17:00:00','01:00:00',NULL,'SCHEDULED','2026-05-06 00:00:00'),(41,NULL,'2026-05-09','06:00:00','14:00:00',NULL,'SCHEDULED','2026-05-06 00:00:00'),(42,NULL,'2026-05-09','08:00:00','16:00:00',NULL,'SCHEDULED','2026-05-06 00:00:00'),(43,NULL,'2026-05-10','16:00:00','00:00:00','Sesion especial noche','SCHEDULED','2026-05-06 00:00:00'),(44,NULL,'2026-05-10','07:00:00','15:00:00',NULL,'SCHEDULED','2026-05-06 00:00:00'),(45,NULL,'2026-05-10','14:00:00','22:00:00',NULL,'SCHEDULED','2026-05-06 00:00:00'),(46,NULL,'2026-05-11','09:00:00','17:00:00',NULL,'SCHEDULED','2026-05-06 00:00:00'),(47,NULL,'2026-05-11','06:00:00','14:00:00',NULL,'SCHEDULED','2026-05-06 00:00:00'),(48,NULL,'2026-05-11','16:00:00','00:00:00',NULL,'SCHEDULED','2026-05-06 00:00:00'),(49,NULL,'2026-05-12','09:00:00','17:00:00',NULL,'SCHEDULED','2026-05-06 00:00:00'),(50,NULL,'2026-05-12','17:00:00','01:00:00',NULL,'SCHEDULED','2026-05-06 00:00:00'),(51,NULL,'2026-05-12','14:00:00','22:00:00',NULL,'SCHEDULED','2026-05-06 00:00:00'),(52,NULL,'2026-05-13','09:00:00','17:00:00',NULL,'SCHEDULED','2026-05-06 00:00:00'),(53,NULL,'2026-05-13','17:00:00','01:00:00',NULL,'SCHEDULED','2026-05-06 00:00:00'),(54,NULL,'2026-05-13','08:00:00','16:00:00',NULL,'SCHEDULED','2026-05-06 00:00:00'),(55,NULL,'2026-05-14','06:00:00','14:00:00',NULL,'SCHEDULED','2026-05-06 00:00:00'),(56,NULL,'2026-05-14','09:00:00','17:00:00',NULL,'SCHEDULED','2026-05-06 00:00:00'),(57,NULL,'2026-05-14','16:00:00','00:00:00','Premiere - refuerzo','SCHEDULED','2026-05-06 00:00:00'),(58,NULL,'2026-05-15','07:00:00','15:00:00',NULL,'SCHEDULED','2026-05-06 00:00:00'),(59,NULL,'2026-05-15','09:00:00','17:00:00',NULL,'SCHEDULED','2026-05-06 00:00:00'),(60,NULL,'2026-05-15','17:00:00','01:00:00',NULL,'SCHEDULED','2026-05-06 00:00:00'),(61,NULL,'2026-05-16','08:00:00','16:00:00',NULL,'SCHEDULED','2026-05-06 00:00:00'),(62,NULL,'2026-05-16','16:00:00','00:00:00',NULL,'SCHEDULED','2026-05-06 00:00:00'),(63,NULL,'2026-05-16','14:00:00','22:00:00',NULL,'SCHEDULED','2026-05-06 00:00:00');
/*!40000 ALTER TABLE `shift` ENABLE KEYS */;
UNLOCK TABLES;

--
-- Table structure for table `theater`
--

/*!40101 SET @saved_cs_client     = @@character_set_client */;
/*!50503 SET character_set_client = utf8mb4 */;
CREATE TABLE `theater` (
  `id` bigint NOT NULL AUTO_INCREMENT,
  `name` varchar(255) NOT NULL,
  `total_capacity` int NOT NULL,
  `num_rows` int DEFAULT NULL,
  `num_columns` int DEFAULT NULL,
  PRIMARY KEY (`id`)
) ENGINE=InnoDB AUTO_INCREMENT=26 DEFAULT CHARSET=utf8mb4 COLLATE=utf8mb4_0900_ai_ci;
/*!40101 SET character_set_client = @saved_cs_client */;

--
-- Dumping data for table `theater`
--

LOCK TABLES `theater` WRITE;
/*!40000 ALTER TABLE `theater` DISABLE KEYS */;
INSERT INTO `theater` VALUES (1,'IMAX 1',200,10,20),(2,'IMAX 2',180,9,20),(3,'4DX 1',160,8,20),(4,'4DX 2',150,10,15),(5,'Dolby 1',140,7,20),(6,'Dolby 2',130,7,18),(7,'VIP 1',120,6,20),(8,'VIP 2',110,6,18),(9,'Hall 1',180,9,20),(10,'Hall 2',170,9,19),(11,'Hall 3',160,8,20),(12,'Hall 4',150,8,18),(13,'Hall 5',140,7,20),(14,'Hall 6',130,7,18),(15,'Hall 7',120,6,20),(16,'Hall 8',110,6,18),(17,'Hall 9',100,5,20),(18,'Hall 10',90,5,18),(19,'Hall 11',160,8,20),(20,'Hall 12',150,8,19),(21,'Hall 13',140,7,20),(22,'Hall 14',130,7,18),(23,'Hall 15',120,6,20),(24,'Hall 16',110,6,18),(25,'Hall 17',100,5,20);
/*!40000 ALTER TABLE `theater` ENABLE KEYS */;
UNLOCK TABLES;

--
-- Table structure for table `ticket`
--

/*!40101 SET @saved_cs_client     = @@character_set_client */;
/*!50503 SET character_set_client = utf8mb4 */;
CREATE TABLE `ticket` (
  `id` bigint NOT NULL AUTO_INCREMENT,
  `purchase_id` bigint NOT NULL,
  `seat_id` bigint NOT NULL,
  `screening_id` bigint NOT NULL,
  `ticket_type` varchar(20) NOT NULL,
  `price` decimal(38,2) NOT NULL,
  PRIMARY KEY (`id`),
  UNIQUE KEY `uq_ticket` (`screening_id`,`seat_id`),
  UNIQUE KEY `UKix2xa1najqpb2g7l3mqqilb33` (`screening_id`,`seat_id`),
  KEY `fk_ticket_purchase` (`purchase_id`),
  KEY `fk_ticket_seat` (`seat_id`),
  CONSTRAINT `fk_ticket_purchase` FOREIGN KEY (`purchase_id`) REFERENCES `purchase` (`id`) ON DELETE CASCADE,
  CONSTRAINT `fk_ticket_screening` FOREIGN KEY (`screening_id`) REFERENCES `screening` (`id`),
  CONSTRAINT `fk_ticket_seat` FOREIGN KEY (`seat_id`) REFERENCES `seat` (`id`)
) ENGINE=InnoDB AUTO_INCREMENT=49 DEFAULT CHARSET=utf8mb4 COLLATE=utf8mb4_0900_ai_ci;
/*!40101 SET character_set_client = @saved_cs_client */;

--
-- Dumping data for table `ticket`
--

LOCK TABLES `ticket` WRITE;
/*!40000 ALTER TABLE `ticket` DISABLE KEYS */;
/*!40000 ALTER TABLE `ticket` ENABLE KEYS */;
UNLOCK TABLES;

--
-- Table structure for table `workers`
--

/*!40101 SET @saved_cs_client     = @@character_set_client */;
/*!50503 SET character_set_client = utf8mb4 */;
CREATE TABLE `workers` (
  `id` bigint NOT NULL AUTO_INCREMENT,
  `name` varchar(255) NOT NULL,
  `email` varchar(255) NOT NULL,
  `role` varchar(255) NOT NULL,
  `created_at` datetime DEFAULT NULL,
  PRIMARY KEY (`id`),
  UNIQUE KEY `email` (`email`)
) ENGINE=InnoDB AUTO_INCREMENT=34 DEFAULT CHARSET=utf8mb4 COLLATE=utf8mb4_0900_ai_ci;
/*!40101 SET character_set_client = @saved_cs_client */;

--
-- Dumping data for table `workers`
--

LOCK TABLES `workers` WRITE;
/*!40000 ALTER TABLE `workers` DISABLE KEYS */;
INSERT INTO `workers` VALUES (1,'Carlos Ruiz','carlos.ruiz@empresa.com','cajero',NULL),(2,'Ana Lopez','ana.lopez@empresa.com','limpieza',NULL),(3,'Juan Perez','juan.perez@empresa.com','seguridad',NULL),(4,'Laura Garcia','laura.garcia@empresa.com','gerencia',NULL),(5,'Miguel Sanchez','miguel.sanchez@empresa.com','cajero',NULL),(6,'Sofia Martin','sofia.martin@empresa.com','limpieza',NULL),(7,'David Gomez','david.gomez@empresa.com','seguridad',NULL),(8,'Elena Fernandez','elena.fernandez@empresa.com','gerencia',NULL),(9,'Pablo Diaz','pablo.diaz@empresa.com','cajero',NULL),(10,'Lucia Alvarez','lucia.alvarez@empresa.com','limpieza',NULL),(11,'Jorge Romero','jorge.romero@empresa.com','seguridad',NULL),(12,'Marta Navarro','marta.navarro@empresa.com','gerencia',NULL),(13,'Alberto Torres','alberto.torres@empresa.com','cajero',NULL),(14,'Paula Dominguez','paula.dominguez@empresa.com','limpieza',NULL),(15,'Sergio Vazquez','sergio.vazquez@empresa.com','seguridad',NULL),(16,'Natalia Ramos','natalia.ramos@empresa.com','gerencia',NULL),(17,'Ivan Gil','ivan.gil@empresa.com','cajero',NULL),(18,'Clara Ortega','clara.ortega@empresa.com','limpieza',NULL),(19,'Adrian Morales','adrian.morales@empresa.com','seguridad',NULL),(20,'Patricia Delgado','patricia.delgado@empresa.com','gerencia',NULL),(21,'Diego Castro','diego.castro@empresa.com','cajero',NULL),(22,'Irene Suarez','irene.suarez@empresa.com','limpieza',NULL),(23,'Raul Mendez','raul.mendez@empresa.com','seguridad',NULL),(24,'Beatriz Cortes','beatriz.cortes@empresa.com','gerencia',NULL),(25,'Fernando Herrera','fernando.herrera@empresa.com','cajero',NULL),(26,'Carlos','carlos@lumen.com','CAJERO','2026-05-12 12:35:25'),(27,'Mar├¡a','maria@lumen.com','GERENCIA','2026-05-12 12:35:25'),(28,'Jos├®','jose@lumen.com','SEGURIDAD','2026-05-12 12:35:25'),(29,'Ana','ana@lumen.com','LIMPIEZA','2026-05-12 12:35:25'),(30,'Carlos','carlos@cine.com','CAJERO','2026-05-12 13:21:59'),(31,'Maria','maria@cine.com','GERENCIA','2026-05-12 13:22:00'),(32,'Ana','ana@cine.com','SEGURIDAD','2026-05-12 13:22:00'),(33,'Luis','luis@cine.com','LIMPIEZA','2026-05-12 13:22:01');
/*!40000 ALTER TABLE `workers` ENABLE KEYS */;
UNLOCK TABLES;
/*!40103 SET TIME_ZONE=@OLD_TIME_ZONE */;

/*!40101 SET SQL_MODE=@OLD_SQL_MODE */;
/*!40014 SET FOREIGN_KEY_CHECKS=@OLD_FOREIGN_KEY_CHECKS */;
/*!40014 SET UNIQUE_CHECKS=@OLD_UNIQUE_CHECKS */;
/*!40111 SET SQL_NOTES=@OLD_SQL_NOTES */;

-- Dump completed on 2026-05-14 10:11:45
